scenario,implementation,n,repetition,time_ms,operations,ns_per_operation,checksum
allocate,std::unique_ptr,1000000,0,5.352291,1000000,5.352291,48999055
copy,std::make_shared,10000,0,0.417958,160000,2.6122375,489604
array,std::unique_ptr,10000,0,0.114458,320000,0.35768125,489604
allocate,UnqPtr,1000,0,0.005625,1000,5.625,47995
allocate,ShrdPtr,100000,0,1.040208,100000,10.40208,4899685
allocate,std::make_shared,1000,0,0.00575,1000,5.75,47995
move,std::shared_ptr,1000000,0,28.621416,32000000,0.89441925,48999055
array,UnqPtr,1000000,0,11.36375,32000000,0.3551171875,48999055
lifecycle,std::shared_ptr,100000,0,2.765125,100000,27.65125,4899685
copy,ShrdPtr,10000,0,0.164958,160000,1.0309875,489604
allocate,std::unique_ptr,100000,0,0.531458,100000,5.31458,4899685
lifecycle,std::shared_ptr,10000,0,0.279375,10000,27.9375,489604
stack,Stack<std::unique_ptr>,100000,0,1.396875,100000,13.96875,4899685
move,std::make_shared,1000,0,0.020916,32000,0.653625,47995
copy,std::shared_ptr,100000,0,4.387583,1600000,2.742239375,4899685
read,std::unique_ptr,1000000,0,8.028166,32000000,0.2508801875,48999055
allocate,std::shared_ptr,10000,0,0.111583,10000,11.1583,489604
array,std::shared_ptr,100000,0,1.144208,3200000,0.357565,4899685
read,UnqPtr,10000,0,0.082458,320000,0.25768125,489604
array,std::unique_ptr,1000,0,0.012584,32000,0.39325,47995
move,UnqPtr,10000,0,0.180458,320000,0.56393125,489604
read,std::unique_ptr,1000,0,0.004625,32000,0.14453125,47995
allocate,ShrdPtr,1000,0,0.011084,1000,11.084,47995
read,UnqPtr,1000000,0,8.764416,32000000,0.273888,48999055
lifecycle,UnqPtr,1000000,0,13.241917,1000000,13.241917,48999055
lifecycle,std::make_shared,1000,0,0.018542,1000,18.542,47995
lifecycle,std::make_shared,1000000,0,18.04175,1000000,18.04175,48999055
read,std::make_shared,1000,0,0.005666,32000,0.1770625,47995
allocate,ShrdPtr,1000000,0,10.393959,1000000,10.393959,48999055
stack,Stack<std::unique_ptr>,1000,0,0.014042,1000,14.042,47995
stack,Stack<UnqPtr>,100000,0,1.333542,100000,13.33542,4899685
lifecycle,std::unique_ptr,1000000,0,12.754833,1000000,12.754833,48999055
copy,std::make_shared,1000,0,0.025917,16000,1.6198125,47995
lifecycle,UnqPtr,100000,0,1.278333,100000,12.78333,4899685
allocate,std::unique_ptr,1000,0,0.005167,1000,5.167,47995
copy,std::shared_ptr,10000,0,0.421083,160000,2.63176875,489604
move,std::unique_ptr,100000,0,1.827958,3200000,0.571236875,4899685
move,std::make_shared,100000,0,2.75125,3200000,0.859765625,4899685
array,std::shared_ptr,10000,0,0.115959,320000,0.362371875,489604
stack,Stack<std::unique_ptr>,1000000,0,15.356875,1000000,15.356875,48999055
read,ShrdPtr,100000,0,0.928709,3200000,0.2902215625,4899685
array,std::unique_ptr,1000000,0,11.321833,32000000,0.35380728125,48999055
allocate,UnqPtr,100000,0,0.537875,100000,5.37875,4899685
stack,Stack<UnqPtr>,10000,0,0.137708,10000,13.7708,489604
read,ShrdPtr,1000000,0,12.905,32000000,0.40328125,48999055
move,std::make_shared,1000000,0,28.236083,32000000,0.88237759375,48999055
array,ShrdPtr,1000000,0,11.292625,32000000,0.35289453125,48999055
read,std::make_shared,10000,0,0.122375,320000,0.382421875,489604
allocate,ShrdPtr,10000,0,0.112542,10000,11.2542,489604
move,std::shared_ptr,10000,0,0.275,320000,0.859375,489604
allocate,std::shared_ptr,100000,0,2.413625,100000,24.13625,4899685
copy,ShrdPtr,100000,0,1.741333,1600000,1.088333125,4899685
stack,Stack<UnqPtr>,1000000,0,22.221584,1000000,22.221584,48999055
allocate,std::shared_ptr,1000,0,0.01225,1000,12.25,47995
stack,Stack<UnqPtr>,1000,0,0.011666,1000,11.666,47995
array,UnqPtr,10000,0,0.117,320000,0.365625,489604
read,std::shared_ptr,10000,0,0.104833,320000,0.327603125,489604
allocate,std::unique_ptr,10000,0,0.108,10000,10.8,489604
move,UnqPtr,100000,0,2.061167,3200000,0.6441146875,4899685
read,UnqPtr,1000,0,0.004708,32000,0.147125,47995
read,std::shared_ptr,1000000,0,17.719542,32000000,0.5537356875,48999055
copy,ShrdPtr,1000,0,0.013792,16000,0.862,47995
copy,std::make_shared,1000000,0,53.921583,16000000,3.3700989375,48999055
move,UnqPtr,1000000,0,18.618875,32000000,0.58183984375,48999055
stack,Stack<std::unique_ptr>,10000,0,0.160084,10000,16.0084,489604
allocate,std::shared_ptr,1000000,0,10.900208,1000000,10.900208,48999055
move,UnqPtr,1000,0,0.015875,32000,0.49609375,47995
array,std::shared_ptr,1000000,0,11.613167,32000000,0.36291146875,48999055
allocate,std::make_shared,100000,0,0.562792,100000,5.62792,4899685
read,UnqPtr,100000,0,0.708375,3200000,0.2213671875,4899685
array,ShrdPtr,100000,0,1.138333,3200000,0.3557290625,4899685
move,std::unique_ptr,1000,0,0.015334,32000,0.4791875,47995
array,ShrdPtr,10000,0,0.114958,320000,0.35924375,489604
lifecycle,std::unique_ptr,1000,0,0.01125,1000,11.25,47995
lifecycle,std::shared_ptr,1000000,0,28.300375,1000000,28.300375,48999055
lifecycle,ShrdPtr,100000,0,2.461125,100000,24.61125,4899685
lifecycle,ShrdPtr,1000000,0,24.880958,1000000,24.880958,48999055
read,std::shared_ptr,100000,0,0.937417,3200000,0.2929428125,4899685
allocate,UnqPtr,10000,0,0.059458,10000,5.9458,489604
array,std::shared_ptr,1000,0,0.013167,32000,0.41146875,47995
read,ShrdPtr,10000,0,0.094792,320000,0.296225,489604
lifecycle,UnqPtr,1000,0,0.011541,1000,11.541,47995
copy,std::shared_ptr,1000,0,0.025541,16000,1.5963125,47995
read,std::make_shared,100000,0,1.234416,3200000,0.385755,4899685
lifecycle,std::unique_ptr,10000,0,0.124834,10000,12.4834,489604
allocate,std::make_shared,1000000,0,5.436417,1000000,5.436417,48999055
read,ShrdPtr,1000,0,0.005459,32000,0.17059375,47995
move,std::unique_ptr,1000000,0,22.888042,32000000,0.7152513125,48999055
read,std::unique_ptr,100000,0,0.770834,3200000,0.240885625,4899685
lifecycle,UnqPtr,10000,0,0.131584,10000,13.1584,489604
copy,ShrdPtr,1000000,0,34.184708,16000000,2.13654425,48999055
lifecycle,std::shared_ptr,1000,0,0.057083,1000,57.083,47995
read,std::unique_ptr,10000,0,0.181958,320000,0.56861875,489604
array,std::unique_ptr,100000,0,1.707166,3200000,0.533489375,4899685
allocate,std::make_shared,10000,0,0.071875,10000,7.1875,489604
move,ShrdPtr,1000,0,0.020584,32000,0.64325,47995
read,std::make_shared,1000000,0,46.015958,32000000,1.4379986875,48999055
copy,std::shared_ptr,1000000,0,56.807417,16000000,3.5504635625,48999055
move,ShrdPtr,1000000,0,31.294125,32000000,0.97794140625,48999055
lifecycle,std::make_shared,100000,0,1.705375,100000,17.05375,4899685
move,std::shared_ptr,1000,0,0.0205,32000,0.640625,47995
lifecycle,ShrdPtr,10000,0,0.263,10000,26.3,489604
copy,std::make_shared,100000,0,5.115833,1600000,3.197395625,4899685
allocate,UnqPtr,1000000,0,7.300083,1000000,7.300083,48999055
array,ShrdPtr,1000,0,0.014,32000,0.4375,47995
move,std::make_shared,10000,0,0.284375,320000,0.888671875,489604
lifecycle,ShrdPtr,1000,0,0.022208,1000,22.208,47995
move,std::shared_ptr,100000,0,3.373375,3200000,1.0541796875,4899685
move,ShrdPtr,10000,0,0.283417,320000,0.885678125,489604
move,ShrdPtr,100000,0,2.834083,3200000,0.8856509375,4899685
lifecycle,std::unique_ptr,100000,0,1.347042,100000,13.47042,4899685
read,std::shared_ptr,1000,0,0.00575,32000,0.1796875,47995
lifecycle,std::make_shared,10000,0,0.172375,10000,17.2375,489604
move,std::unique_ptr,10000,0,0.187375,320000,0.585546875,489604
array,UnqPtr,1000,0,0.013125,32000,0.41015625,47995
array,UnqPtr,100000,0,1.29575,3200000,0.404921875,4899685
copy,ShrdPtr,1000000,1,29.277584,16000000,1.829849,48999055
lifecycle,std::shared_ptr,1000000,1,29.738959,1000000,29.738959,48999055
copy,std::make_shared,1000000,1,48.038042,16000000,3.002377625,48999055
move,std::make_shared,10000,1,0.2785,320000,0.8703125,489604
move,UnqPtr,1000000,1,18.985,32000000,0.59328125,48999055
array,ShrdPtr,10000,1,0.118709,320000,0.370965625,489604
allocate,std::unique_ptr,100000,1,0.522584,100000,5.22584,4899685
lifecycle,ShrdPtr,10000,1,0.249292,10000,24.9292,489604
read,std::shared_ptr,1000,1,0.005792,32000,0.181,47995
read,std::shared_ptr,10000,1,0.099834,320000,0.31198125,489604
move,std::make_shared,1000000,1,29.106417,32000000,0.90957553125,48999055
move,std::make_shared,1000,1,0.021208,32000,0.66275,47995
array,std::shared_ptr,1000,1,0.013792,32000,0.431,47995
lifecycle,std::shared_ptr,1000,1,0.0275,1000,27.5,47995
lifecycle,std::unique_ptr,1000000,1,13.627542,1000000,13.627542,48999055
read,std::unique_ptr,100000,1,0.727666,3200000,0.227395625,4899685
read,std::make_shared,100000,1,1.35225,3200000,0.422578125,4899685
allocate,std::shared_ptr,100000,1,1.0925,100000,10.925,4899685
stack,Stack<UnqPtr>,100000,1,1.321375,100000,13.21375,4899685
move,UnqPtr,100000,1,1.803416,3200000,0.5635675,4899685
read,std::unique_ptr,1000,1,0.004792,32000,0.14975,47995
stack,Stack<UnqPtr>,1000,1,0.011417,1000,11.417,47995
stack,Stack<std::unique_ptr>,1000000,1,18.177916,1000000,18.177916,48999055
allocate,UnqPtr,100000,1,0.551583,100000,5.51583,4899685
array,UnqPtr,100000,1,2.093375,3200000,0.6541796875,4899685
allocate,std::unique_ptr,1000,1,0.012083,1000,12.083,47995
stack,Stack<std::unique_ptr>,1000,1,0.029167,1000,29.167,47995
stack,Stack<UnqPtr>,1000000,1,19.980833,1000000,19.980833,48999055
allocate,ShrdPtr,10000,1,0.249875,10000,24.9875,489604
allocate,std::shared_ptr,1000,1,0.0235,1000,23.5,47995
array,ShrdPtr,1000,1,0.032167,32000,1.00521875,47995
array,std::shared_ptr,1000000,1,14.771375,32000000,0.46160546875,48999055
move,ShrdPtr,1000,1,0.0205,32000,0.640625,47995
allocate,ShrdPtr,100000,1,1.113125,100000,11.13125,4899685
lifecycle,ShrdPtr,100000,1,2.605375,100000,26.05375,4899685
read,ShrdPtr,1000,1,0.005667,32000,0.17709375,47995
move,std::shared_ptr,100000,1,2.821792,3200000,0.88181,4899685
array,std::unique_ptr,1000,1,0.013625,32000,0.42578125,47995
array,ShrdPtr,1000000,1,15.142208,32000000,0.473194,48999055
lifecycle,std::make_shared,100000,1,1.79625,100000,17.9625,4899685
move,UnqPtr,10000,1,0.421417,320000,1.316928125,489604
array,UnqPtr,1000000,1,12.126708,32000000,0.378959625,48999055
lifecycle,UnqPtr,1000000,1,13.805542,1000000,13.805542,48999055
copy,std::make_shared,100000,1,4.513166,1600000,2.82072875,4899685
allocate,UnqPtr,1000000,1,7.079833,1000000,7.079833,48999055
read,std::make_shared,1000,1,0.005667,32000,0.17709375,47995
lifecycle,std::make_shared,10000,1,0.164917,10000,16.4917,489604
allocate,std::make_shared,1000000,1,5.980291,1000000,5.980291,48999055
move,std::unique_ptr,100000,1,1.881375,3200000,0.5879296875,4899685
copy,ShrdPtr,1000,1,0.014292,16000,0.89325,47995
move,ShrdPtr,100000,1,2.862375,3200000,0.8944921875,4899685
array,UnqPtr,1000,1,0.013333,32000,0.41665625,47995
read,ShrdPtr,100000,1,1.208875,3200000,0.3777734375,4899685
lifecycle,std::shared_ptr,100000,1,3.353708,100000,33.53708,4899685
array,std::unique_ptr,1000000,1,11.989166,32000000,0.3746614375,48999055
array,std::shared_ptr,10000,1,0.121292,320000,0.3790375,489604
read,std::make_shared,1000000,1,38.054792,32000000,1.18921225,48999055
array,std::shared_ptr,100000,1,1.201666,3200000,0.375520625,4899685
allocate,std::make_shared,100000,1,0.608625,100000,6.08625,4899685
allocate,std::shared_ptr,1000000,1,12.18225,1000000,12.18225,48999055
read,std::shared_ptr,100000,1,1.04375,3200000,0.326171875,4899685
allocate,std::unique_ptr,10000,1,0.066875,10000,6.6875,489604
read,ShrdPtr,10000,1,0.100458,320000,0.31393125,489604
read,UnqPtr,10000,1,0.081209,320000,0.253778125,489604
array,ShrdPtr,100000,1,1.175125,3200000,0.3672265625,4899685
move,ShrdPtr,10000,1,0.277416,320000,0.866925,489604
copy,std::make_shared,10000,1,0.43275,160000,2.7046875,489604
stack,Stack<std::unique_ptr>,10000,1,0.148917,10000,14.8917,489604
allocate,UnqPtr,1000,1,0.006083,1000,6.083,47995
lifecycle,std::unique_ptr,10000,1,0.131041,10000,13.1041,489604
lifecycle,std::unique_ptr,1000,1,0.013083,1000,13.083,47995
lifecycle,UnqPtr,1000,1,0.01175,1000,11.75,47995
move,std::unique_ptr,1000,1,0.015666,32000,0.4895625,47995
lifecycle,UnqPtr,10000,1,0.1325,10000,13.25,489604
read,ShrdPtr,1000000,1,42.035542,32000000,1.3136106875,48999055
read,std::shared_ptr,1000000,1,32.949709,32000000,1.02967840625,48999055
allocate,std::make_shared,1000,1,0.007625,1000,7.625,47995
stack,Stack<std::unique_ptr>,100000,1,1.794666,100000,17.94666,4899685
move,std::shared_ptr,10000,1,0.592916,320000,1.8528625,489604
lifecycle,std::shared_ptr,10000,1,0.639333,10000,63.9333,489604
stack,Stack<UnqPtr>,10000,1,0.2715,10000,27.15,489604
copy,ShrdPtr,100000,1,3.804,1600000,2.3775,4899685
copy,ShrdPtr,10000,1,0.263375,160000,1.64609375,489604
move,std::unique_ptr,1000000,1,35.050458,32000000,1.0953268125,48999055
copy,std::shared_ptr,1000,1,0.037792,16000,2.362,47995
lifecycle,ShrdPtr,1000000,1,37.439959,1000000,37.439959,48999055
lifecycle,ShrdPtr,1000,1,0.050625,1000,50.625,47995
move,std::make_shared,100000,1,5.520459,3200000,1.7251434375,4899685
move,std::shared_ptr,1000,1,0.020542,32000,0.6419375,47995
read,std::make_shared,10000,1,0.123125,320000,0.384765625,489604
array,std::unique_ptr,100000,1,1.189709,3200000,0.3717840625,4899685
lifecycle,std::unique_ptr,100000,1,1.290875,100000,12.90875,4899685
allocate,std::make_shared,10000,1,0.059459,10000,5.9459,489604
allocate,ShrdPtr,1000,1,0.011833,1000,11.833,47995
allocate,std::unique_ptr,1000000,1,5.709041,1000000,5.709041,48999055
move,std::unique_ptr,10000,1,0.919333,320000,2.872915625,489604
lifecycle,std::make_shared,1000,1,0.018,1000,18,47995
copy,std::shared_ptr,1000000,1,75.353875,16000000,4.7096171875,48999055
read,UnqPtr,100000,1,2.038584,3200000,0.6370575,4899685
lifecycle,std::make_shared,1000000,1,18.007625,1000000,18.007625,48999055
allocate,UnqPtr,10000,1,0.058708,10000,5.8708,489604
lifecycle,UnqPtr,100000,1,1.577667,100000,15.77667,4899685
read,UnqPtr,1000000,1,21.544167,32000000,0.67325521875,48999055
read,std::unique_ptr,1000000,1,29.111583,32000000,0.90973696875,48999055
move,std::shared_ptr,1000000,1,33.646958,32000000,1.0514674375,48999055
move,ShrdPtr,1000000,1,34.589292,32000000,1.080915375,48999055
read,std::unique_ptr,10000,1,0.080625,320000,0.251953125,489604
read,UnqPtr,1000,1,0.005333,32000,0.16665625,47995
allocate,ShrdPtr,1000000,1,11.095208,1000000,11.095208,48999055
array,std::unique_ptr,10000,1,0.119084,320000,0.3721375,489604
allocate,std::shared_ptr,10000,1,0.107625,10000,10.7625,489604
move,UnqPtr,1000,1,0.015291,32000,0.47784375,47995
copy,std::shared_ptr,10000,1,0.414959,160000,2.59349375,489604
copy,std::make_shared,1000,1,0.026042,16000,1.627625,47995
array,UnqPtr,10000,1,0.117875,320000,0.368359375,489604
copy,std::shared_ptr,100000,1,4.441917,1600000,2.776198125,4899685
allocate,UnqPtr,1000,2,0.005208,1000,5.208,47995
read,UnqPtr,100000,2,0.747583,3200000,0.2336196875,4899685
allocate,UnqPtr,1000000,2,5.42325,1000000,5.42325,48999055
lifecycle,std::shared_ptr,10000,2,0.311583,10000,31.1583,489604
lifecycle,std::shared_ptr,100000,2,3.023792,100000,30.23792,4899685
move,std::shared_ptr,1000,2,0.020375,32000,0.63671875,47995
read,std::make_shared,1000000,2,32.145,32000000,1.00453125,48999055
move,ShrdPtr,10000,2,0.283375,320000,0.885546875,489604
array,ShrdPtr,10000,2,0.119208,320000,0.372525,489604
allocate,std::shared_ptr,100000,2,1.226875,100000,12.26875,4899685
move,std::shared_ptr,1000000,2,28.483333,32000000,0.89010415625,48999055
lifecycle,std::make_shared,1000000,2,19.981417,1000000,19.981417,48999055
allocate,std::shared_ptr,1000,2,0.011792,1000,11.792,47995
lifecycle,std::make_shared,10000,2,0.259709,10000,25.9709,489604
move,std::unique_ptr,1000000,2,21.013708,32000000,0.656678375,48999055
lifecycle,std::unique_ptr,1000,2,0.013958,1000,13.958,47995
array,std::unique_ptr,10000,2,0.119958,320000,0.37486875,489604
move,ShrdPtr,1000000,2,37.37225,32000000,1.1678828125,48999055
lifecycle,ShrdPtr,10000,2,0.261084,10000,26.1084,489604
allocate,ShrdPtr,1000,2,0.009917,1000,9.917,47995
read,std::unique_ptr,100000,2,0.850625,3200000,0.2658203125,4899685
copy,ShrdPtr,10000,2,0.175333,160000,1.09583125,489604
read,ShrdPtr,1000,2,0.005667,32000,0.17709375,47995
move,std::make_shared,100000,2,2.850583,3200000,0.8908071875,4899685
lifecycle,std::shared_ptr,1000,2,0.029042,1000,29.042,47995
array,std::unique_ptr,1000000,2,12.820291,32000000,0.40063409375,48999055
stack,Stack<std::unique_ptr>,100000,2,1.640583,100000,16.40583,4899685
stack,Stack<UnqPtr>,1000000,2,13.688708,1000000,13.688708,48999055
allocate,std::unique_ptr,1000,2,0.006208,1000,6.208,47995
move,UnqPtr,100000,2,1.908083,3200000,0.5962759375,4899685
move,std::shared_ptr,100000,2,2.841959,3200000,0.8881121875,4899685
array,std::shared_ptr,1000,2,0.014042,32000,0.4388125,47995
lifecycle,std::unique_ptr,10000,2,0.131875,10000,13.1875,489604
copy,std::make_shared,1000,2,0.02625,16000,1.640625,47995
move,UnqPtr,1000000,2,20.374334,32000000,0.6366979375,48999055
lifecycle,ShrdPtr,1000000,2,30.752333,1000000,30.752333,48999055
copy,std::shared_ptr,100000,2,4.831333,1600000,3.019583125,4899685
array,UnqPtr,10000,2,0.119,320000,0.371875,489604
lifecycle,std::unique_ptr,100000,2,1.2965,100000,12.965,4899685
allocate,std::make_shared,1000,2,0.005834,1000,5.834,47995
allocate,std::unique_ptr,100000,2,0.520542,100000,5.20542,4899685
copy,ShrdPtr,100000,2,3.076125,1600000,1.922578125,4899685
move,std::unique_ptr,10000,2,0.185292,320000,0.5790375,489604
read,UnqPtr,1000000,2,10.238833,32000000,0.31996353125,48999055
allocate,std::shared_ptr,1000000,2,10.921792,1000000,10.921792,48999055
read,ShrdPtr,100000,2,0.969459,3200000,0.3029559375,4899685
allocate,ShrdPtr,1000000,2,10.829083,1000000,10.829083,48999055
copy,ShrdPtr,1000000,2,25.102667,16000000,1.5689166875,48999055
copy,ShrdPtr,1000,2,0.015458,16000,0.966125,47995
read,std::make_shared,10000,2,0.133167,320000,0.416146875,489604
copy,std::shared_ptr,10000,2,0.462166,160000,2.8885375,489604
allocate,ShrdPtr,10000,2,0.13225,10000,13.225,489604
lifecycle,UnqPtr,1000,2,0.012917,1000,12.917,47995
read,std::shared_ptr,100000,2,1.03,3200000,0.321875,4899685
read,std::shared_ptr,1000,2,0.005959,32000,0.18621875,47995
stack,Stack<std::unique_ptr>,1000000,2,15.649417,1000000,15.649417,48999055
array,ShrdPtr,1000,2,0.014792,32000,0.46225,47995
move,std::unique_ptr,1000,2,0.01725,32000,0.5390625,47995
array,UnqPtr,100000,2,1.27,3200000,0.396875,4899685
array,ShrdPtr,1000000,2,12.294542,32000000,0.3842044375,48999055
read,std::make_shared,1000,2,0.005875,32000,0.18359375,47995
copy,std::make_shared,100000,2,4.784292,1600000,2.9901825,4899685
array,UnqPtr,1000000,2,12.322625,32000000,0.38508203125,48999055
lifecycle,std::make_shared,1000,2,0.022333,1000,22.333,47995
stack,Stack<std::unique_ptr>,1000,2,0.014333,1000,14.333,47995
move,UnqPtr,1000,2,0.016458,32000,0.5143125,47995
read,ShrdPtr,10000,2,0.105792,320000,0.3306,489604
array,UnqPtr,1000,2,0.013208,32000,0.41275,47995
move,ShrdPtr,1000,2,0.023834,32000,0.7448125,47995
allocate,std::make_shared,10000,2,0.062709,10000,6.2709,489604
allocate,UnqPtr,100000,2,0.566834,100000,5.66834,4899685
allocate,ShrdPtr,100000,2,1.215542,100000,12.15542,4899685
lifecycle,std::unique_ptr,1000000,2,13.864333,1000000,13.864333,48999055
stack,Stack<UnqPtr>,100000,2,1.37025,100000,13.7025,4899685
lifecycle,ShrdPtr,1000,2,0.023041,1000,23.041,47995
allocate,std::unique_ptr,10000,2,0.064,10000,6.4,489604
copy,std::make_shared,10000,2,0.420666,160000,2.6291625,489604
read,UnqPtr,1000,2,0.004958,32000,0.1549375,47995
copy,std::shared_ptr,1000,2,0.026208,16000,1.638,47995
move,std::make_shared,1000000,2,28.586291,32000000,0.89332159375,48999055
read,std::shared_ptr,1000000,2,12.910917,32000000,0.40346615625,48999055
read,std::unique_ptr,10000,2,0.07475,320000,0.23359375,489604
move,std::shared_ptr,10000,2,0.278625,320000,0.870703125,489604
array,std::shared_ptr,1000000,2,11.476583,32000000,0.35864321875,48999055
allocate,std::unique_ptr,1000000,2,5.685583,1000000,5.685583,48999055
allocate,UnqPtr,10000,2,0.062958,10000,6.2958,489604
read,std::unique_ptr,1000,2,0.005125,32000,0.16015625,47995
lifecycle,UnqPtr,10000,2,0.126458,10000,12.6458,489604
stack,Stack<std::unique_ptr>,10000,2,0.142917,10000,14.2917,489604
array,std::unique_ptr,1000,2,0.013292,32000,0.415375,47995
array,ShrdPtr,100000,2,1.162542,3200000,0.363294375,4899685
stack,Stack<UnqPtr>,10000,2,0.130083,10000,13.0083,489604
array,std::shared_ptr,10000,2,0.118833,320000,0.371353125,489604
move,std::make_shared,1000,2,0.020291,32000,0.63409375,47995
read,std::shared_ptr,10000,2,0.100584,320000,0.314325,489604
allocate,std::shared_ptr,10000,2,0.120875,10000,12.0875,489604
lifecycle,std::make_shared,100000,2,1.970709,100000,19.70709,4899685
copy,std::make_shared,1000000,2,45.237958,16000000,2.827372375,48999055
allocate,std::make_shared,1000000,2,5.619333,1000000,5.619333,48999055
move,std::make_shared,10000,2,0.278667,320000,0.870834375,489604
lifecycle,UnqPtr,100000,2,1.287041,100000,12.87041,4899685
lifecycle,ShrdPtr,100000,2,2.504,100000,25.04,4899685
stack,Stack<UnqPtr>,1000,2,0.011791,1000,11.791,47995
copy,std::shared_ptr,1000000,2,58.608583,16000000,3.6630364375,48999055
read,std::make_shared,100000,2,1.440083,3200000,0.4500259375,4899685
move,ShrdPtr,100000,2,2.8695,3200000,0.89671875,4899685
allocate,std::make_shared,100000,2,0.863917,100000,8.63917,4899685
read,UnqPtr,10000,2,0.079416,320000,0.248175,489604
array,std::unique_ptr,100000,2,1.720166,3200000,0.537551875,4899685
array,std::shared_ptr,100000,2,1.308416,3200000,0.40888,4899685
move,std::unique_ptr,100000,2,1.883834,3200000,0.588698125,4899685
move,UnqPtr,10000,2,0.665083,320000,2.078384375,489604
read,std::unique_ptr,1000000,2,25.637792,32000000,0.801181,48999055
lifecycle,std::shared_ptr,1000000,2,49.04375,1000000,49.04375,48999055
read,ShrdPtr,1000000,2,28.028042,32000000,0.8758763125,48999055
lifecycle,UnqPtr,1000000,2,15.871042,1000000,15.871042,48999055
array,std::unique_ptr,1000000,3,15.729333,32000000,0.49154165625,48999055
array,std::unique_ptr,100000,3,1.361791,3200000,0.4255596875,4899685
lifecycle,std::unique_ptr,1000,3,0.015542,1000,15.542,47995
lifecycle,UnqPtr,100000,3,1.396625,100000,13.96625,4899685
allocate,UnqPtr,1000000,3,5.961709,1000000,5.961709,48999055
copy,std::shared_ptr,100000,3,4.777833,1600000,2.986145625,4899685
lifecycle,std::unique_ptr,10000,3,0.138458,10000,13.8458,489604
move,UnqPtr,100000,3,2.094333,3200000,0.6544790625,4899685
array,ShrdPtr,100000,3,1.183083,3200000,0.3697134375,4899685
copy,ShrdPtr,1000,3,0.015792,16000,0.987,47995
lifecycle,std::unique_ptr,1000000,3,13.869875,1000000,13.869875,48999055
array,std::shared_ptr,10000,3,0.124375,320000,0.388671875,489604
read,UnqPtr,1000000,3,11.705,32000000,0.36578125,48999055
move,UnqPtr,1000000,3,20.012375,32000000,0.62538671875,48999055
stack,Stack<std::unique_ptr>,100000,3,1.772125,100000,17.72125,4899685
move,ShrdPtr,1000000,3,39.725,32000000,1.24140625,48999055
read,std::unique_ptr,1000,3,0.005333,32000,0.16665625,47995
lifecycle,UnqPtr,10000,3,0.131666,10000,13.1666,489604
stack,Stack<UnqPtr>,100000,3,1.397542,100000,13.97542,4899685
lifecycle,UnqPtr,1000000,3,13.352917,1000000,13.352917,48999055
move,std::unique_ptr,100000,3,1.926625,3200000,0.6020703125,4899685
allocate,std::unique_ptr,10000,3,0.067042,10000,6.7042,489604
array,UnqPtr,10000,3,0.120833,320000,0.377603125,489604
allocate,ShrdPtr,1000000,3,10.880208,1000000,10.880208,48999055
move,std::unique_ptr,1000000,3,19.703875,32000000,0.61574609375,48999055
allocate,std::make_shared,1000000,3,7.585541,1000000,7.585541,48999055
read,std::shared_ptr,100000,3,0.949958,3200000,0.296861875,4899685
allocate,std::make_shared,1000,3,0.019459,1000,19.459,47995
copy,std::shared_ptr,10000,3,0.423791,160000,2.64869375,489604
copy,ShrdPtr,1000000,3,26.546125,16000000,1.6591328125,48999055
array,ShrdPtr,1000,3,0.013875,32000,0.43359375,47995
read,std::unique_ptr,1000000,3,12.049625,32000000,0.37655078125,48999055
read,ShrdPtr,10000,3,0.102209,320000,0.319403125,489604
move,std::shared_ptr,1000,3,0.020625,32000,0.64453125,47995
lifecycle,UnqPtr,1000,3,0.046333,1000,46.333,47995
read,UnqPtr,100000,3,3.223333,3200000,1.0072915625,4899685
allocate,UnqPtr,100000,3,0.781917,100000,7.81917,4899685
allocate,ShrdPtr,10000,3,0.107959,10000,10.7959,489604
array,ShrdPtr,10000,3,1.2975,320000,4.0546875,489604
read,ShrdPtr,1000,3,0.005667,32000,0.17709375,47995
lifecycle,std::shared_ptr,1000,3,0.027792,1000,27.792,47995
move,std::make_shared,1000000,3,50.790042,32000000,1.5871888125,48999055
read,std::unique_ptr,100000,3,0.715917,3200000,0.2237240625,4899685
allocate,std::unique_ptr,100000,3,0.535875,100000,5.35875,4899685
stack,Stack<UnqPtr>,1000,3,0.011459,1000,11.459,47995
move,std::make_shared,100000,3,3.342333,3200000,1.0444790625,4899685
stack,Stack<std::unique_ptr>,10000,3,0.363625,10000,36.3625,489604
copy,std::make_shared,1000000,3,46.7915,16000000,2.92446875,48999055
lifecycle,std::make_shared,100000,3,1.635375,100000,16.35375,4899685
read,std::make_shared,100000,3,1.232708,3200000,0.38522125,4899685
copy,std::make_shared,100000,3,4.358666,1600000,2.72416625,4899685
read,std::unique_ptr,10000,3,0.072875,320000,0.227734375,489604
read,std::make_shared,1000,3,0.006,32000,0.1875,47995
move,std::shared_ptr,1000000,3,30.195792,32000000,0.9436185,48999055
move,ShrdPtr,1000,3,0.023542,32000,0.7356875,47995
lifecycle,std::shared_ptr,1000000,3,84.503792,1000000,84.503792,48999055
move,UnqPtr,10000,3,0.181375,320000,0.566796875,489604
lifecycle,std::make_shared,10000,3,0.164333,10000,16.4333,489604
lifecycle,ShrdPtr,1000000,3,28.834167,1000000,28.834167,48999055
read,UnqPtr,10000,3,0.079,320000,0.246875,489604
move,std::unique_ptr,1000,3,0.015708,32000,0.490875,47995
read,ShrdPtr,1000000,3,13.854292,32000000,0.432946625,48999055
move,std::shared_ptr,100000,3,2.784792,3200000,0.8702475,4899685
read,std::shared_ptr,1000,3,0.006583,32000,0.20571875,47995
stack,Stack<std::unique_ptr>,1000,3,0.012792,1000,12.792,47995
read,std::shared_ptr,10000,3,0.107625,320000,0.336328125,489604
lifecycle,ShrdPtr,10000,3,0.266292,10000,26.6292,489604
lifecycle,std::shared_ptr,100000,3,2.9385,100000,29.385,4899685
array,UnqPtr,1000000,3,11.797042,32000000,0.3686575625,48999055
array,std::shared_ptr,100000,3,1.1785,3200000,0.36828125,4899685
lifecycle,std::make_shared,1000,3,0.017667,1000,17.667,47995
lifecycle,std::shared_ptr,10000,3,0.284625,10000,28.4625,489604
lifecycle,std::unique_ptr,100000,3,1.273041,100000,12.73041,4899685
move,ShrdPtr,100000,3,2.789875,3200000,0.8718359375,4899685
array,std::unique_ptr,10000,3,0.117334,320000,0.36666875,489604
copy,std::make_shared,10000,3,0.427333,160000,2.67083125,489604
allocate,std::make_shared,10000,3,0.053667,10000,5.3667,489604
allocate,std::shared_ptr,1000000,3,10.528958,1000000,10.528958,48999055
move,std::make_shared,1000,3,0.020167,32000,0.63021875,47995
array,std::unique_ptr,1000,3,0.020625,32000,0.64453125,47995
allocate,ShrdPtr,1000,3,0.0115,1000,11.5,47995
array,std::shared_ptr,1000000,3,11.4755,32000000,0.358609375,48999055
move,ShrdPtr,10000,3,0.274084,320000,0.8565125,489604
allocate,std::shared_ptr,10000,3,0.131042,10000,13.1042,489604
lifecycle,std::make_shared,1000000,3,17.728208,1000000,17.728208,48999055
lifecycle,ShrdPtr,100000,3,2.445459,100000,24.45459,4899685
move,UnqPtr,1000,3,0.015375,32000,0.48046875,47995
array,ShrdPtr,1000000,3,11.529583,32000000,0.36029946875,48999055
move,std::shared_ptr,10000,3,0.273708,320000,0.8553375,489604
stack,Stack<std::unique_ptr>,1000000,3,15.412375,1000000,15.412375,48999055
read,std::make_shared,1000000,3,22.222542,32000000,0.6944544375,48999055
move,std::unique_ptr,10000,3,0.181083,320000,0.565884375,489604
allocate,UnqPtr,10000,3,0.054958,10000,5.4958,489604
allocate,std::shared_ptr,1000,3,0.011333,1000,11.333,47995
stack,Stack<UnqPtr>,10000,3,0.127916,10000,12.7916,489604
array,UnqPtr,100000,3,1.143042,3200000,0.357200625,4899685
read,std::make_shared,10000,3,0.121792,320000,0.3806,489604
read,std::shared_ptr,1000000,3,10.884458,32000000,0.3401393125,48999055
array,UnqPtr,1000,3,0.023875,32000,0.74609375,47995
stack,Stack<UnqPtr>,1000000,3,13.300375,1000000,13.300375,48999055
copy,std::shared_ptr,1000000,3,45.591208,16000000,2.8494505,48999055
allocate,std::unique_ptr,1000000,3,5.46975,1000000,5.46975,48999055
copy,ShrdPtr,10000,3,0.179083,160000,1.11926875,489604
allocate,UnqPtr,1000,3,0.005708,1000,5.708,47995
read,UnqPtr,1000,3,0.004917,32000,0.15365625,47995
array,std::shared_ptr,1000,3,0.013958,32000,0.4361875,47995
allocate,ShrdPtr,100000,3,1.05825,100000,10.5825,4899685
allocate,std::unique_ptr,1000,3,0.005125,1000,5.125,47995
copy,std::shared_ptr,1000,3,0.026084,16000,1.63025,47995
allocate,std::make_shared,100000,3,0.562917,100000,5.62917,4899685
allocate,std::shared_ptr,100000,3,1.074041,100000,10.74041,4899685
read,ShrdPtr,100000,3,0.928833,3200000,0.2902603125,4899685
move,std::make_shared,10000,3,0.272166,320000,0.85051875,489604
lifecycle,ShrdPtr,1000,3,0.02675,1000,26.75,47995
copy,ShrdPtr,100000,3,2.9185,1600000,1.8240625,4899685
copy,std::make_shared,1000,3,0.026084,16000,1.63025,47995
move,std::unique_ptr,100000,4,1.852833,3200000,0.5790103125,4899685
copy,std::shared_ptr,1000,4,0.026,16000,1.625,47995
stack,Stack<UnqPtr>,1000,4,0.01225,1000,12.25,47995
allocate,UnqPtr,1000,4,0.006042,1000,6.042,47995
allocate,std::unique_ptr,1000000,4,5.354375,1000000,5.354375,48999055
lifecycle,ShrdPtr,1000,4,0.021208,1000,21.208,47995
move,UnqPtr,1000000,4,18.531709,32000000,0.57911590625,48999055
array,std::shared_ptr,10000,4,0.117333,320000,0.366665625,489604
move,std::make_shared,1000,4,0.019917,32000,0.62240625,47995
copy,std::shared_ptr,10000,4,0.413959,160000,2.58724375,489604
move,ShrdPtr,100000,4,2.763417,3200000,0.8635678125,4899685
copy,std::make_shared,1000000,4,52.435917,16000000,3.2772448125,48999055
lifecycle,UnqPtr,1000,4,0.021,1000,21,47995
stack,Stack<UnqPtr>,100000,4,1.322583,100000,13.22583,4899685
move,ShrdPtr,10000,4,0.274083,320000,0.856509375,489604
array,UnqPtr,1000,4,0.012917,32000,0.40365625,47995
stack,Stack<UnqPtr>,10000,4,0.131667,10000,13.1667,489604
array,UnqPtr,1000000,4,11.359458,32000000,0.3549830625,48999055
stack,Stack<UnqPtr>,1000000,4,13.785041,1000000,13.785041,48999055
copy,ShrdPtr,100000,4,1.621708,1600000,1.0135675,4899685
allocate,std::make_shared,1000000,4,5.370542,1000000,5.370542,48999055
read,std::unique_ptr,100000,4,0.662875,3200000,0.2071484375,4899685
array,ShrdPtr,100000,4,1.14475,3200000,0.357734375,4899685
lifecycle,UnqPtr,100000,4,1.249083,100000,12.49083,4899685
lifecycle,ShrdPtr,1000000,4,24.859917,1000000,24.859917,48999055
lifecycle,ShrdPtr,100000,4,2.450458,100000,24.50458,4899685
copy,std::make_shared,10000,4,0.420333,160000,2.62708125,489604
move,std::shared_ptr,10000,4,0.269833,320000,0.843228125,489604
allocate,UnqPtr,10000,4,0.05325,10000,5.325,489604
allocate,ShrdPtr,1000,4,0.009916,1000,9.916,47995
lifecycle,std::make_shared,1000,4,0.016,1000,16,47995
allocate,UnqPtr,100000,4,0.525583,100000,5.25583,4899685
allocate,std::unique_ptr,100000,4,0.526916,100000,5.26916,4899685
array,std::shared_ptr,1000000,4,11.30525,32000000,0.3532890625,48999055
allocate,std::make_shared,1000,4,0.005917,1000,5.917,47995
move,std::shared_ptr,1000,4,0.019792,32000,0.6185,47995
lifecycle,std::unique_ptr,1000,4,0.012083,1000,12.083,47995
allocate,UnqPtr,1000000,4,5.520333,1000000,5.520333,48999055
copy,std::shared_ptr,1000000,4,51.482667,16000000,3.2176666875,48999055
read,std::unique_ptr,10000,4,0.078292,320000,0.2446625,489604
move,UnqPtr,1000,4,0.015083,32000,0.47134375,47995
stack,Stack<std::unique_ptr>,10000,4,0.143417,10000,14.3417,489604
lifecycle,std::make_shared,10000,4,0.168334,10000,16.8334,489604
read,std::make_shared,1000000,4,26.616958,32000000,0.8317799375,48999055
stack,Stack<std::unique_ptr>,1000000,4,14.562833,1000000,14.562833,48999055
array,ShrdPtr,1000000,4,11.333083,32000000,0.35415884375,48999055
read,std::make_shared,100000,4,1.255,3200000,0.3921875,4899685
allocate,ShrdPtr,100000,4,1.096291,100000,10.96291,4899685
lifecycle,std::unique_ptr,100000,4,1.277916,100000,12.77916,4899685
read,std::shared_ptr,1000,4,0.00575,32000,0.1796875,47995
move,std::shared_ptr,100000,4,2.810666,3200000,0.878333125,4899685
read,UnqPtr,1000,4,0.004875,32000,0.15234375,47995
array,std::unique_ptr,100000,4,1.13725,3200000,0.355390625,4899685
read,std::unique_ptr,1000000,4,8.417167,32000000,0.26303646875,48999055
lifecycle,std::unique_ptr,1000000,4,13.22675,1000000,13.22675,48999055
allocate,std::shared_ptr,100000,4,1.127833,100000,11.27833,4899685
move,std::make_shared,10000,4,0.277667,320000,0.867709375,489604
stack,Stack<std::unique_ptr>,100000,4,1.443291,100000,14.43291,4899685
read,std::shared_ptr,10000,4,0.092334,320000,0.28854375,489604
lifecycle,std::shared_ptr,1000,4,0.028083,1000,28.083,47995
move,ShrdPtr,1000000,4,28.515125,32000000,0.89109765625,48999055
read,std::make_shared,10000,4,0.12375,320000,0.38671875,489604
read,UnqPtr,100000,4,0.66175,3200000,0.206796875,4899685
lifecycle,ShrdPtr,10000,4,0.254125,10000,25.4125,489604
array,std::unique_ptr,1000,4,0.012584,32000,0.39325,47995
array,UnqPtr,10000,4,0.115833,320000,0.361978125,489604
lifecycle,std::shared_ptr,1000000,4,29.409375,1000000,29.409375,48999055
move,std::unique_ptr,1000,4,0.0155,32000,0.484375,47995
copy,ShrdPtr,1000,4,0.013375,16000,0.8359375,47995
read,std::make_shared,1000,4,0.005459,32000,0.17059375,47995
read,UnqPtr,10000,4,0.078917,320000,0.246615625,489604
allocate,std::unique_ptr,1000,4,0.005375,1000,5.375,47995
lifecycle,std::make_shared,1000000,4,16.9485,1000000,16.9485,48999055
array,std::unique_ptr,1000000,4,11.334958,32000000,0.3542174375,48999055
read,std::shared_ptr,100000,4,0.908458,3200000,0.283893125,4899685
copy,ShrdPtr,10000,4,0.16175,160000,1.0109375,489604
array,ShrdPtr,10000,4,0.115042,320000,0.35950625,489604
copy,std::shared_ptr,100000,4,4.347792,1600000,2.71737,4899685
read,ShrdPtr,1000,4,0.005584,32000,0.1745,47995
array,std::shared_ptr,100000,4,1.141084,3200000,0.35658875,4899685
move,std::unique_ptr,1000000,4,18.981917,32000000,0.59318490625,48999055
lifecycle,std::shared_ptr,100000,4,2.906083,100000,29.06083,4899685
move,ShrdPtr,1000,4,0.020042,32000,0.6263125,47995
allocate,std::shared_ptr,1000000,4,10.839166,1000000,10.839166,48999055
lifecycle,std::make_shared,100000,4,1.722833,100000,17.22833,4899685
allocate,ShrdPtr,10000,4,0.1075,10000,10.75,489604
move,UnqPtr,10000,4,0.172417,320000,0.538803125,489604
read,UnqPtr,1000000,4,8.406541,32000000,0.26270440625,48999055
lifecycle,std::shared_ptr,10000,4,0.3005,10000,30.05,489604
array,std::unique_ptr,10000,4,0.115625,320000,0.361328125,489604
lifecycle,std::unique_ptr,10000,4,0.133875,10000,13.3875,489604
array,UnqPtr,100000,4,1.140875,3200000,0.3565234375,4899685
read,ShrdPtr,1000000,4,14.290417,32000000,0.44657553125,48999055
move,UnqPtr,100000,4,1.850333,3200000,0.5782290625,4899685
move,std::shared_ptr,1000000,4,28.007458,32000000,0.8752330625,48999055
read,ShrdPtr,100000,4,0.933083,3200000,0.2915884375,4899685
allocate,std::make_shared,10000,4,0.060334,10000,6.0334,489604
allocate,std::shared_ptr,1000,4,0.01225,1000,12.25,47995
array,ShrdPtr,1000,4,0.025208,32000,0.78775,47995
allocate,std::shared_ptr,10000,4,0.114959,10000,11.4959,489604
read,std::unique_ptr,1000,4,0.00475,32000,0.1484375,47995
allocate,std::unique_ptr,10000,4,0.057,10000,5.7,489604
lifecycle,UnqPtr,1000000,4,13.142792,1000000,13.142792,48999055
move,std::unique_ptr,10000,4,0.197708,320000,0.6178375,489604
array,std::shared_ptr,1000,4,0.013375,32000,0.41796875,47995
copy,std::make_shared,1000,4,0.026083,16000,1.6301875,47995
allocate,std::make_shared,100000,4,0.557125,100000,5.57125,4899685
read,std::shared_ptr,1000000,4,13.339042,32000000,0.4168450625,48999055
copy,std::make_shared,100000,4,4.423666,1600000,2.76479125,4899685
copy,ShrdPtr,1000000,4,32.828834,16000000,2.051802125,48999055
read,ShrdPtr,10000,4,0.096708,320000,0.3022125,489604
stack,Stack<std::unique_ptr>,1000,4,0.013292,1000,13.292,47995
allocate,ShrdPtr,1000000,4,11.046042,1000000,11.046042,48999055
lifecycle,UnqPtr,10000,4,0.135667,10000,13.5667,489604
move,std::make_shared,1000000,4,27.872,32000000,0.871,48999055
move,std::make_shared,100000,4,2.81025,3200000,0.878203125,4899685
lifecycle,std::make_shared,1000000,5,16.989042,1000000,16.989042,48999055
copy,ShrdPtr,100000,5,1.670709,1600000,1.044193125,4899685
read,ShrdPtr,1000000,5,11.86725,32000000,0.3708515625,48999055
lifecycle,std::unique_ptr,10000,5,0.14175,10000,14.175,489604
copy,std::shared_ptr,100000,5,7.823417,1600000,4.889635625,4899685
array,std::unique_ptr,1000,5,0.013458,32000,0.4205625,47995
allocate,std::make_shared,100000,5,0.593791,100000,5.93791,4899685
lifecycle,std::unique_ptr,1000,5,0.012958,1000,12.958,47995
lifecycle,std::shared_ptr,1000000,5,29.803667,1000000,29.803667,48999055
move,std::shared_ptr,1000000,5,29.628167,32000000,0.92588021875,48999055
lifecycle,ShrdPtr,10000,5,0.270209,10000,27.0209,489604
allocate,std::make_shared,10000,5,0.058625,10000,5.8625,489604
array,std::unique_ptr,10000,5,0.114875,320000,0.358984375,489604
allocate,std::unique_ptr,10000,5,0.055125,10000,5.5125,489604
lifecycle,UnqPtr,10000,5,0.133792,10000,13.3792,489604
allocate,std::make_shared,1000000,5,5.73525,1000000,5.73525,48999055
array,ShrdPtr,1000000,5,11.267292,32000000,0.352102875,48999055
move,ShrdPtr,100000,5,2.746792,3200000,0.8583725,4899685
lifecycle,std::make_shared,100000,5,1.6765,100000,16.765,4899685
read,std::shared_ptr,1000000,5,13.432709,32000000,0.41977215625,48999055
move,UnqPtr,1000,5,0.015125,32000,0.47265625,47995
array,std::shared_ptr,100000,5,1.138167,3200000,0.3556771875,4899685
copy,ShrdPtr,1000000,5,19.719958,16000000,1.232497375,48999055
lifecycle,std::make_shared,10000,5,0.168834,10000,16.8834,489604
move,std::make_shared,1000000,5,27.769542,32000000,0.8677981875,48999055
lifecycle,std::unique_ptr,1000000,5,13.177167,1000000,13.177167,48999055
copy,std::shared_ptr,10000,5,0.4215,160000,2.634375,489604
lifecycle,std::shared_ptr,10000,5,0.304208,10000,30.4208,489604
allocate,std::shared_ptr,100000,5,1.09075,100000,10.9075,4899685
allocate,UnqPtr,10000,5,0.061625,10000,6.1625,489604
stack,Stack<UnqPtr>,1000000,5,13.475042,1000000,13.475042,48999055
copy,std::shared_ptr,1000,5,0.026,16000,1.625,47995
allocate,std::unique_ptr,1000,5,0.005125,1000,5.125,47995
move,std::unique_ptr,100000,5,1.801583,3200000,0.5629946875,4899685
read,std::unique_ptr,100000,5,0.701458,3200000,0.219205625,4899685
move,std::shared_ptr,10000,5,0.273875,320000,0.855859375,489604
allocate,UnqPtr,100000,5,0.501875,100000,5.01875,4899685
read,std::make_shared,100000,5,1.235667,3200000,0.3861459375,4899685
read,std::shared_ptr,100000,5,0.877917,3200000,0.2743490625,4899685
copy,std::make_shared,1000,5,0.025417,16000,1.5885625,47995
array,UnqPtr,10000,5,0.115834,320000,0.36198125,489604
read,std::shared_ptr,10000,5,0.095625,320000,0.298828125,489604
lifecycle,std::shared_ptr,100000,5,2.716875,100000,27.16875,4899685
move,std::shared_ptr,1000,5,0.020583,32000,0.64321875,47995
stack,Stack<UnqPtr>,100000,5,1.244333,100000,12.44333,4899685
lifecycle,std::unique_ptr,100000,5,1.178666,100000,11.78666,4899685
copy,std::make_shared,10000,5,0.418625,160000,2.61640625,489604
lifecycle,std::make_shared,1000,5,0.015417,1000,15.417,47995
read,std::unique_ptr,1000,5,0.004667,32000,0.14584375,47995
copy,std::make_shared,1000000,5,52.880084,16000000,3.30500525,48999055
read,UnqPtr,10000,5,0.07825,320000,0.24453125,489604
allocate,ShrdPtr,100000,5,1.013208,100000,10.13208,4899685
stack,Stack<std::unique_ptr>,1000000,5,14.730959,1000000,14.730959,48999055
lifecycle,std::shared_ptr,1000,5,0.026125,1000,26.125,47995
allocate,std::unique_ptr,100000,5,0.505292,100000,5.05292,4899685
array,std::shared_ptr,1000,5,0.013291,32000,0.41534375,47995
array,ShrdPtr,10000,5,0.114917,320000,0.359115625,489604
stack,Stack<UnqPtr>,10000,5,0.131959,10000,13.1959,489604
move,UnqPtr,10000,5,0.172667,320000,0.539584375,489604
allocate,ShrdPtr,1000000,5,9.812458,1000000,9.812458,48999055
read,ShrdPtr,100000,5,0.895542,3200000,0.279856875,4899685
copy,ShrdPtr,10000,5,0.162833,160000,1.01770625,489604
move,std::make_shared,1000,5,0.020625,32000,0.64453125,47995
lifecycle,ShrdPtr,100000,5,2.342542,100000,23.42542,4899685
move,std::unique_ptr,10000,5,0.175125,320000,0.547265625,489604
move,ShrdPtr,1000,5,0.019792,32000,0.6185,47995
array,UnqPtr,1000000,5,11.3115,32000000,0.353484375,48999055
allocate,ShrdPtr,10000,5,0.10075,10000,10.075,489604
allocate,UnqPtr,1000000,5,5.040333,1000000,5.040333,48999055
array,std::shared_ptr,1000000,5,11.247708,32000000,0.351490875,48999055
allocate,std::make_shared,1000,5,0.005583,1000,5.583,47995
allocate,std::unique_ptr,1000000,5,5.404666,1000000,5.404666,48999055
lifecycle,ShrdPtr,1000000,5,25.476291,1000000,25.476291,48999055
lifecycle,UnqPtr,1000000,5,12.8085,1000000,12.8085,48999055
read,std::make_shared,1000000,5,19.864791,32000000,0.62077471875,48999055
stack,Stack<UnqPtr>,1000,5,0.01225,1000,12.25,47995
move,std::shared_ptr,100000,5,2.753208,3200000,0.8603775,4899685
allocate,std::shared_ptr,10000,5,0.106167,10000,10.6167,489604
array,std::shared_ptr,10000,5,0.116041,320000,0.362628125,489604
read,UnqPtr,1000,5,0.004834,32000,0.1510625,47995
read,std::unique_ptr,10000,5,0.075333,320000,0.235415625,489604
array,std::unique_ptr,1000000,5,11.2945,32000000,0.352953125,48999055
copy,ShrdPtr,1000,5,0.013417,16000,0.8385625,47995
array,ShrdPtr,1000,5,0.013,32000,0.40625,47995
read,ShrdPtr,1000,5,0.0055,32000,0.171875,47995
move,std::unique_ptr,1000000,5,18.376875,32000000,0.57427734375,48999055
lifecycle,UnqPtr,1000,5,0.012083,1000,12.083,47995
move,UnqPtr,1000000,5,18.34625,32000000,0.5733203125,48999055
array,UnqPtr,100000,5,1.163792,3200000,0.363685,4899685
read,std::unique_ptr,1000000,5,8.189042,32000000,0.2559075625,48999055
move,ShrdPtr,1000000,5,27.777792,32000000,0.868056,48999055
read,UnqPtr,100000,5,0.660292,3200000,0.20634125,4899685
read,UnqPtr,1000000,5,8.288166,32000000,0.2590051875,48999055
lifecycle,ShrdPtr,1000,5,0.02225,1000,22.25,47995
move,ShrdPtr,10000,5,0.282709,320000,0.883465625,489604
stack,Stack<std::unique_ptr>,1000,5,0.013958,1000,13.958,47995
array,UnqPtr,1000,5,0.012625,32000,0.39453125,47995
copy,std::make_shared,100000,5,4.38275,1600000,2.73921875,4899685
stack,Stack<std::unique_ptr>,10000,5,0.160166,10000,16.0166,489604
copy,std::shared_ptr,1000000,5,44.541,16000000,2.7838125,48999055
move,std::unique_ptr,1000,5,0.015334,32000,0.4791875,47995
move,std::make_shared,10000,5,0.274417,320000,0.857553125,489604
array,std::unique_ptr,100000,5,1.138708,3200000,0.35584625,4899685
move,std::make_shared,100000,5,2.754417,3200000,0.8607553125,4899685
allocate,UnqPtr,1000,5,0.005208,1000,5.208,47995
read,std::make_shared,1000,5,0.0055,32000,0.171875,47995
stack,Stack<std::unique_ptr>,100000,5,1.536542,100000,15.36542,4899685
allocate,std::shared_ptr,1000,5,0.011083,1000,11.083,47995
allocate,ShrdPtr,1000,5,0.010667,1000,10.667,47995
allocate,std::shared_ptr,1000000,5,10.595875,1000000,10.595875,48999055
read,std::make_shared,10000,5,0.122542,320000,0.38294375,489604
move,UnqPtr,100000,5,1.803625,3200000,0.5636328125,4899685
read,ShrdPtr,10000,5,0.095792,320000,0.29935,489604
read,std::shared_ptr,1000,5,0.00575,32000,0.1796875,47995
lifecycle,UnqPtr,100000,5,1.257208,100000,12.57208,4899685
array,ShrdPtr,100000,5,1.134375,3200000,0.3544921875,4899685
allocate,std::unique_ptr,100000,6,0.541792,100000,5.41792,4899685
allocate,std::shared_ptr,10000,6,0.116792,10000,11.6792,489604
move,ShrdPtr,1000,6,0.019875,32000,0.62109375,47995
array,UnqPtr,1000000,6,11.307583,32000000,0.35336196875,48999055
move,std::make_shared,1000000,6,30.741042,32000000,0.9606575625,48999055
allocate,std::shared_ptr,100000,6,1.108,100000,11.08,4899685
lifecycle,std::shared_ptr,1000,6,0.026708,1000,26.708,47995
lifecycle,std::shared_ptr,100000,6,2.915584,100000,29.15584,4899685
read,UnqPtr,10000,6,0.085625,320000,0.267578125,489604
stack,Stack<std::unique_ptr>,1000000,6,15.658333,1000000,15.658333,48999055
lifecycle,std::unique_ptr,1000,6,0.013042,1000,13.042,47995
read,std::make_shared,100000,6,1.353834,3200000,0.423073125,4899685
lifecycle,ShrdPtr,10000,6,0.422791,10000,42.2791,489604
lifecycle,UnqPtr,100000,6,1.570375,100000,15.70375,4899685
stack,Stack<UnqPtr>,10000,6,0.23075,10000,23.075,489604
lifecycle,std::shared_ptr,1000000,6,31.975041,1000000,31.975041,48999055
array,std::unique_ptr,1000000,6,11.546292,32000000,0.360821625,48999055
move,std::make_shared,10000,6,0.279833,320000,0.874478125,489604
move,UnqPtr,100000,6,1.837125,3200000,0.5741015625,4899685
lifecycle,std::make_shared,1000000,6,18.168542,1000000,18.168542,48999055
read,UnqPtr,1000000,6,15.545667,32000000,0.48580209375,48999055
read,UnqPtr,100000,6,0.777833,3200000,0.2430728125,4899685
allocate,std::shared_ptr,1000000,6,10.72575,1000000,10.72575,48999055
allocate,std::make_shared,1000,6,0.021291,1000,21.291,47995
read,std::unique_ptr,10000,6,0.076166,320000,0.23801875,489604
allocate,std::make_shared,1000000,6,5.564542,1000000,5.564542,48999055
lifecycle,ShrdPtr,100000,6,2.506583,100000,25.06583,4899685
stack,Stack<std::unique_ptr>,10000,6,0.154416,10000,15.4416,489604
allocate,std::shared_ptr,1000,6,0.011458,1000,11.458,47995
read,std::shared_ptr,1000,6,0.005834,32000,0.1823125,47995
allocate,ShrdPtr,100000,6,1.053041,100000,10.53041,4899685
read,std::make_shared,1000,6,0.005834,32000,0.1823125,47995
read,std::unique_ptr,1000000,6,11.998917,32000000,0.37496615625,48999055
move,std::shared_ptr,1000000,6,27.8785,32000000,0.871203125,48999055
allocate,UnqPtr,1000,6,0.005208,1000,5.208,47995
allocate,ShrdPtr,10000,6,0.105667,10000,10.5667,489604
lifecycle,UnqPtr,10000,6,0.130792,10000,13.0792,489604
move,std::shared_ptr,1000,6,0.020667,32000,0.64584375,47995
array,UnqPtr,100000,6,1.153459,3200000,0.3604559375,4899685
move,std::shared_ptr,10000,6,0.2785,320000,0.8703125,489604
copy,ShrdPtr,1000000,6,28.401333,16000000,1.7750833125,48999055
copy,std::make_shared,100000,6,4.625291,1600000,2.890806875,4899685
array,std::shared_ptr,1000000,6,11.64325,32000000,0.3638515625,48999055
move,ShrdPtr,100000,6,2.938583,3200000,0.9183071875,4899685
read,std::shared_ptr,100000,6,0.978583,3200000,0.3058071875,4899685
move,std::unique_ptr,1000,6,0.015542,32000,0.4856875,47995
stack,Stack<UnqPtr>,1000000,6,13.4565,1000000,13.4565,48999055
lifecycle,std::unique_ptr,100000,6,1.260791,100000,12.60791,4899685
read,std::unique_ptr,100000,6,0.721416,3200000,0.2254425,4899685
read,std::shared_ptr,1000000,6,10.98975,32000000,0.3434296875,48999055
copy,ShrdPtr,100000,6,1.790791,1600000,1.119244375,4899685
read,ShrdPtr,100000,6,0.917458,3200000,0.286705625,4899685
read,std::unique_ptr,1000,6,0.00475,32000,0.1484375,47995
allocate,std::unique_ptr,10000,6,0.054125,10000,5.4125,489604
lifecycle,ShrdPtr,1000,6,0.021792,1000,21.792,47995
array,ShrdPtr,10000,6,0.115708,320000,0.3615875,489604
allocate,UnqPtr,1000000,6,5.284375,1000000,5.284375,48999055
stack,Stack<UnqPtr>,1000,6,0.011708,1000,11.708,47995
array,std::shared_ptr,1000,6,0.013208,32000,0.41275,47995
move,std::unique_ptr,10000,6,0.181459,320000,0.567059375,489604
lifecycle,std::make_shared,1000,6,0.019292,1000,19.292,47995
array,std::unique_ptr,10000,6,0.115042,320000,0.35950625,489604
array,ShrdPtr,1000000,6,11.26875,32000000,0.3521484375,48999055
lifecycle,std::make_shared,10000,6,0.165375,10000,16.5375,489604
copy,ShrdPtr,10000,6,0.162416,160000,1.0151,489604
copy,std::make_shared,1000,6,0.025542,16000,1.596375,47995
array,std::shared_ptr,100000,6,1.138458,3200000,0.355768125,4899685
move,std::unique_ptr,100000,6,1.849709,3200000,0.5780340625,4899685
move,std::unique_ptr,1000000,6,20.154292,32000000,0.629821625,48999055
read,ShrdPtr,1000,6,0.005542,32000,0.1731875,47995
lifecycle,std::unique_ptr,1000000,6,13.105125,1000000,13.105125,48999055
array,UnqPtr,1000,6,0.012834,32000,0.4010625,47995
move,ShrdPtr,1000000,6,30.856667,32000000,0.96427084375,48999055
move,std::shared_ptr,100000,6,2.827417,3200000,0.8835678125,4899685
allocate,std::unique_ptr,1000000,6,5.419167,1000000,5.419167,48999055
lifecycle,ShrdPtr,1000000,6,24.931083,1000000,24.931083,48999055
array,std::unique_ptr,100000,6,1.137209,3200000,0.3553778125,4899685
move,std::make_shared,1000,6,0.019667,32000,0.61459375,47995
move,UnqPtr,1000000,6,18.373292,32000000,0.574165375,48999055
lifecycle,std::unique_ptr,10000,6,0.130875,10000,13.0875,489604
move,UnqPtr,10000,6,0.198083,320000,0.619009375,489604
copy,std::shared_ptr,1000,6,0.026041,16000,1.6275625,47995
lifecycle,UnqPtr,1000000,6,12.874542,1000000,12.874542,48999055
stack,Stack<UnqPtr>,100000,6,1.339334,100000,13.39334,4899685
lifecycle,UnqPtr,1000,6,0.014166,1000,14.166,47995
copy,ShrdPtr,1000,6,0.012625,16000,0.7890625,47995
array,UnqPtr,10000,6,0.115167,320000,0.359896875,489604
stack,Stack<std::unique_ptr>,100000,6,1.53,100000,15.3,4899685
read,ShrdPtr,1000000,6,11.124125,32000000,0.34762890625,48999055
move,std::make_shared,100000,6,2.867916,3200000,0.89622375,4899685
stack,Stack<std::unique_ptr>,1000,6,0.014333,1000,14.333,47995
read,std::make_shared,10000,6,0.122209,320000,0.381903125,489604
allocate,std::unique_ptr,1000,6,0.005875,1000,5.875,47995
allocate,std::make_shared,100000,6,0.531625,100000,5.31625,4899685
array,std::unique_ptr,1000,6,0.012667,32000,0.39584375,47995
read,ShrdPtr,10000,6,0.094542,320000,0.29544375,489604
move,UnqPtr,1000,6,0.016458,32000,0.5143125,47995
copy,std::shared_ptr,10000,6,0.418167,160000,2.61354375,489604
array,ShrdPtr,100000,6,1.138708,3200000,0.35584625,4899685
allocate,UnqPtr,10000,6,0.053666,10000,5.3666,489604
copy,std::make_shared,1000000,6,44.000792,16000000,2.7500495,48999055
array,ShrdPtr,1000,6,0.013166,32000,0.4114375,47995
read,std::shared_ptr,10000,6,0.09475,320000,0.29609375,489604
lifecycle,std::make_shared,100000,6,1.618125,100000,16.18125,4899685
copy,std::shared_ptr,100000,6,4.372292,1600000,2.7326825,4899685
allocate,ShrdPtr,1000000,6,10.339625,1000000,10.339625,48999055
allocate,UnqPtr,100000,6,0.534459,100000,5.34459,4899685
allocate,std::make_shared,10000,6,0.055833,10000,5.5833,489604
copy,std::shared_ptr,1000000,6,60.625833,16000000,3.7891145625,48999055
copy,std::make_shared,10000,6,0.442375,160000,2.76484375,489604
lifecycle,std::shared_ptr,10000,6,0.309458,10000,30.9458,489604
read,std::make_shared,1000000,6,37.0325,32000000,1.157265625,48999055
allocate,ShrdPtr,1000,6,0.011625,1000,11.625,47995
move,ShrdPtr,10000,6,0.275625,320000,0.861328125,489604
read,UnqPtr,1000,6,0.004875,32000,0.15234375,47995
array,std::shared_ptr,10000,6,0.119708,320000,0.3740875,489604
copy,std::shared_ptr,1000000,7,50.440333,16000000,3.1525208125,48999055
array,std::shared_ptr,1000000,7,11.906042,32000000,0.3720638125,48999055
allocate,std::make_shared,1000,7,0.021917,1000,21.917,47995
move,UnqPtr,10000,7,0.187334,320000,0.58541875,489604
copy,ShrdPtr,100000,7,2.982542,1600000,1.86408875,4899685
allocate,std::make_shared,10000,7,0.059292,10000,5.9292,489604
stack,Stack<std::unique_ptr>,10000,7,0.155875,10000,15.5875,489604
move,std::shared_ptr,100000,7,2.822416,3200000,0.882005,4899685
lifecycle,std::make_shared,10000,7,0.169834,10000,16.9834,489604
move,std::shared_ptr,10000,7,0.281166,320000,0.87864375,489604
read,std::shared_ptr,1000000,7,19.410167,32000000,0.60656771875,48999055
array,std::shared_ptr,100000,7,1.185,3200000,0.3703125,4899685
read,ShrdPtr,100000,7,0.995208,3200000,0.3110025,4899685
stack,Stack<UnqPtr>,10000,7,0.138083,10000,13.8083,489604
stack,Stack<std::unique_ptr>,1000000,7,16.206875,1000000,16.206875,48999055
lifecycle,std::make_shared,1000,7,0.018792,1000,18.792,47995
move,std::unique_ptr,100000,7,3.512,3200000,1.0975,4899685
stack,Stack<UnqPtr>,1000,7,0.012,1000,12,47995
array,UnqPtr,10000,7,0.119333,320000,0.372915625,489604
move,ShrdPtr,100000,7,2.854875,3200000,0.8921484375,4899685
move,ShrdPtr,10000,7,0.284625,320000,0.889453125,489604
copy,std::make_shared,1000,7,0.026834,16000,1.677125,47995
read,std::shared_ptr,10000,7,0.097208,320000,0.303775,489604
array,ShrdPtr,10000,7,0.11875,320000,0.37109375,489604
copy,std::make_shared,100000,7,4.689833,1600000,2.931145625,4899685
move,std::make_shared,1000000,7,36.506583,32000000,1.14083071875,48999055
read,std::shared_ptr,100000,7,0.943959,3200000,0.2949871875,4899685
move,std::make_shared,10000,7,0.291833,320000,0.911978125,489604
read,UnqPtr,100000,7,0.729584,3200000,0.227995,4899685
allocate,std::unique_ptr,1000,7,0.006042,1000,6.042,47995
lifecycle,std::shared_ptr,10000,7,0.286291,10000,28.6291,489604
move,UnqPtr,100000,7,1.879709,3200000,0.5874090625,4899685
lifecycle,std::shared_ptr,1000000,7,34.811292,1000000,34.811292,48999055
lifecycle,std::make_shared,1000000,7,24.068875,1000000,24.068875,48999055
move,std::unique_ptr,10000,7,0.543375,320000,1.698046875,489604
array,std::unique_ptr,10000,7,0.286583,320000,0.895571875,489604
allocate,std::make_shared,1000000,7,7.962083,1000000,7.962083,48999055
read,std::unique_ptr,1000000,7,12.584666,32000000,0.3932708125,48999055
array,UnqPtr,1000000,7,14.206125,32000000,0.44394140625,48999055
move,std::unique_ptr,1000,7,0.015833,32000,0.49478125,47995
copy,std::shared_ptr,1000,7,0.049083,16000,3.0676875,47995
move,std::shared_ptr,1000,7,0.020958,32000,0.6549375,47995
array,UnqPtr,100000,7,1.184959,3200000,0.3702996875,4899685
allocate,ShrdPtr,1000,7,0.011042,1000,11.042,47995
stack,Stack<UnqPtr>,100000,7,1.39775,100000,13.9775,4899685
move,UnqPtr,1000000,7,21.5745,32000000,0.674203125,48999055
lifecycle,std::make_shared,100000,7,1.829375,100000,18.29375,4899685
lifecycle,std::unique_ptr,100000,7,1.324625,100000,13.24625,4899685
array,std::unique_ptr,100000,7,1.198792,3200000,0.3746225,4899685
allocate,UnqPtr,10000,7,0.055208,10000,5.5208,489604
read,std::make_shared,1000,7,0.005833,32000,0.18228125,47995
array,ShrdPtr,1000000,7,11.892708,32000000,0.371647125,48999055
array,UnqPtr,1000,7,0.013625,32000,0.42578125,47995
allocate,UnqPtr,1000,7,0.005458,1000,5.458,47995
lifecycle,ShrdPtr,100000,7,2.554625,100000,25.54625,4899685
lifecycle,std::unique_ptr,1000,7,0.011916,1000,11.916,47995
read,std::shared_ptr,1000,7,0.005833,32000,0.18228125,47995
lifecycle,ShrdPtr,1000,7,0.021958,1000,21.958,47995
stack,Stack<std::unique_ptr>,100000,7,1.574667,100000,15.74667,4899685
read,ShrdPtr,1000,7,0.005958,32000,0.1861875,47995
allocate,std::shared_ptr,1000,7,0.011541,1000,11.541,47995
copy,std::shared_ptr,100000,7,4.39925,1600000,2.74953125,4899685
allocate,std::unique_ptr,100000,7,0.539208,100000,5.39208,4899685
allocate,std::shared_ptr,100000,7,1.049042,100000,10.49042,4899685
read,std::unique_ptr,100000,7,0.713708,3200000,0.22303375,4899685
move,UnqPtr,1000,7,0.0165,32000,0.515625,47995
array,std::shared_ptr,1000,7,0.013042,32000,0.4075625,47995
lifecycle,std::shared_ptr,1000,7,0.025417,1000,25.417,47995
read,std::make_shared,10000,7,0.119458,320000,0.37330625,489604
move,std::make_shared,100000,7,2.745208,3200000,0.8578775,4899685
lifecycle,UnqPtr,1000,7,0.0115,1000,11.5,47995
copy,ShrdPtr,1000000,7,27.838,16000000,1.739875,48999055
copy,std::make_shared,10000,7,0.421375,160000,2.63359375,489604
move,ShrdPtr,1000000,7,28.095542,32000000,0.8779856875,48999055
move,std::make_shared,1000,7,0.020292,32000,0.634125,47995
read,ShrdPtr,1000000,7,13.718292,32000000,0.428696625,48999055
read,UnqPtr,1000,7,0.005,32000,0.15625,47995
stack,Stack<UnqPtr>,1000000,7,14.914,1000000,14.914,48999055
read,std::unique_ptr,1000,7,0.004833,32000,0.15103125,47995
allocate,std::shared_ptr,10000,7,0.114583,10000,11.4583,489604
read,UnqPtr,1000000,7,11.717166,32000000,0.3661614375,48999055
move,ShrdPtr,1000,7,0.024375,32000,0.76171875,47995
move,std::unique_ptr,1000000,7,19.002334,32000000,0.5938229375,48999055
allocate,ShrdPtr,10000,7,0.11625,10000,11.625,489604
move,std::shared_ptr,1000000,7,38.706292,32000000,1.209571625,48999055
allocate,UnqPtr,100000,7,0.569375,100000,5.69375,4899685
copy,ShrdPtr,10000,7,0.173125,160000,1.08203125,489604
stack,Stack<std::unique_ptr>,1000,7,0.013166,1000,13.166,47995
allocate,std::unique_ptr,1000000,7,7.940167,1000000,7.940167,48999055
allocate,ShrdPtr,100000,7,1.132416,100000,11.32416,4899685
lifecycle,UnqPtr,10000,7,0.145584,10000,14.5584,489604
array,ShrdPtr,100000,7,1.178542,3200000,0.368294375,4899685
read,UnqPtr,10000,7,0.085166,320000,0.26614375,489604
lifecycle,UnqPtr,100000,7,1.35725,100000,13.5725,4899685
lifecycle,ShrdPtr,10000,7,0.255292,10000,25.5292,489604
copy,std::make_shared,1000000,7,63.234,16000000,3.952125,48999055
copy,ShrdPtr,1000,7,0.013834,16000,0.864625,47995
lifecycle,ShrdPtr,1000000,7,29.366958,1000000,29.366958,48999055
lifecycle,std::unique_ptr,1000000,7,15.367042,1000000,15.367042,48999055
lifecycle,UnqPtr,1000000,7,15.332625,1000000,15.332625,48999055
allocate,ShrdPtr,1000000,7,11.236208,1000000,11.236208,48999055
read,std::unique_ptr,10000,7,0.078625,320000,0.245703125,489604
read,ShrdPtr,10000,7,0.104458,320000,0.32643125,489604
lifecycle,std::shared_ptr,100000,7,2.957625,100000,29.57625,4899685
array,std::unique_ptr,1000000,7,13.008417,32000000,0.40651303125,48999055
allocate,std::make_shared,100000,7,0.634,100000,6.34,4899685
allocate,UnqPtr,1000000,7,5.849917,1000000,5.849917,48999055
read,std::make_shared,100000,7,2.568667,3200000,0.8027084375,4899685
copy,std::shared_ptr,10000,7,0.4425,160000,2.765625,489604
read,std::make_shared,1000000,7,30.512417,32000000,0.95351303125,48999055
allocate,std::unique_ptr,10000,7,0.064583,10000,6.4583,489604
array,ShrdPtr,1000,7,0.013458,32000,0.4205625,47995
array,std::shared_ptr,10000,7,0.119542,320000,0.37356875,489604
lifecycle,std::unique_ptr,10000,7,0.270208,10000,27.0208,489604
array,std::unique_ptr,1000,7,0.032875,32000,1.02734375,47995
allocate,std::shared_ptr,1000000,7,16.729333,1000000,16.729333,48999055
allocate,std::make_shared,100000,8,0.59725,100000,5.9725,4899685
allocate,std::unique_ptr,100000,8,0.545709,100000,5.45709,4899685
allocate,ShrdPtr,1000000,8,11.242792,1000000,11.242792,48999055
lifecycle,UnqPtr,1000,8,0.013375,1000,13.375,47995
lifecycle,ShrdPtr,1000,8,0.022084,1000,22.084,47995
allocate,UnqPtr,10000,8,0.064583,10000,6.4583,489604
array,UnqPtr,100000,8,1.183583,3200000,0.3698696875,4899685
copy,std::make_shared,1000,8,0.026208,16000,1.638,47995
array,std::unique_ptr,10000,8,0.118416,320000,0.37005,489604
read,std::unique_ptr,100000,8,0.727166,3200000,0.227239375,4899685
lifecycle,UnqPtr,100000,8,1.29325,100000,12.9325,4899685
copy,std::shared_ptr,100000,8,4.622542,1600000,2.88908875,4899685
read,std::make_shared,1000,8,0.005584,32000,0.1745,47995
move,std::unique_ptr,1000,8,0.015875,32000,0.49609375,47995
move,ShrdPtr,100000,8,2.909458,3200000,0.909205625,4899685
copy,ShrdPtr,1000,8,0.015459,16000,0.9661875,47995
move,std::make_shared,10000,8,0.29075,320000,0.90859375,489604
copy,ShrdPtr,1000000,8,34.614083,16000000,2.1633801875,48999055
lifecycle,std::make_shared,100000,8,1.690042,100000,16.90042,4899685
allocate,std::make_shared,1000,8,0.0075,1000,7.5,47995
read,ShrdPtr,100000,8,0.991333,3200000,0.3097915625,4899685
copy,std::shared_ptr,1000,8,0.042125,16000,2.6328125,47995
move,std::unique_ptr,1000000,8,22.551,32000000,0.70471875,48999055
lifecycle,std::make_shared,1000000,8,19.354875,1000000,19.354875,48999055
copy,std::make_shared,100000,8,4.576375,1600000,2.860234375,4899685
lifecycle,std::shared_ptr,1000,8,0.029,1000,29,47995
read,std::make_shared,100000,8,1.253,3200000,0.3915625,4899685
copy,std::make_shared,1000000,8,47.4785,16000000,2.96740625,48999055
allocate,std::shared_ptr,100000,8,1.1305,100000,11.305,4899685
array,std::unique_ptr,100000,8,1.251459,3200000,0.3910809375,4899685
allocate,std::shared_ptr,1000,8,0.01225,1000,12.25,47995
read,ShrdPtr,10000,8,0.108875,320000,0.340234375,489604
read,std::unique_ptr,10000,8,0.085708,320000,0.2678375,489604
copy,std::make_shared,10000,8,0.472958,160000,2.9559875,489604
read,std::shared_ptr,10000,8,0.108958,320000,0.34049375,489604
move,UnqPtr,10000,8,0.199291,320000,0.622784375,489604
stack,Stack<std::unique_ptr>,1000,8,0.015166,1000,15.166,47995
lifecycle,std::unique_ptr,100000,8,1.399625,100000,13.99625,4899685
move,ShrdPtr,1000000,8,28.526208,32000000,0.891444,48999055
allocate,ShrdPtr,100000,8,1.051708,100000,10.51708,4899685
lifecycle,ShrdPtr,10000,8,0.250375,10000,25.0375,489604
copy,std::shared_ptr,1000000,8,52.182625,16000000,3.2614140625,48999055
copy,std::shared_ptr,10000,8,0.429916,160000,2.686975,489604
lifecycle,ShrdPtr,100000,8,2.48525,100000,24.8525,4899685
array,std::shared_ptr,10000,8,0.123,320000,0.384375,489604
array,ShrdPtr,100000,8,1.161625,3200000,0.3630078125,4899685
move,UnqPtr,100000,8,1.822958,3200000,0.569674375,4899685
stack,Stack<UnqPtr>,1000,8,0.011709,1000,11.709,47995
move,std::shared_ptr,1000000,8,27.963666,32000000,0.8738645625,48999055
read,std::make_shared,1000000,8,27.700958,32000000,0.8656549375,48999055
lifecycle,std::unique_ptr,1000000,8,14.159292,1000000,14.159292,48999055
read,UnqPtr,1000,8,0.004833,32000,0.15103125,47995
allocate,UnqPtr,100000,8,0.544292,100000,5.44292,4899685
move,std::make_shared,1000000,8,28.437667,32000000,0.88867709375,48999055
allocate,UnqPtr,1000000,8,5.39275,1000000,5.39275,48999055
allocate,ShrdPtr,1000,8,0.010541,1000,10.541,47995
lifecycle,std::shared_ptr,10000,8,0.283209,10000,28.3209,489604
stack,Stack<std::unique_ptr>,10000,8,0.175667,10000,17.5667,489604
move,ShrdPtr,10000,8,0.280208,320000,0.87565,489604
move,std::make_shared,1000,8,0.021167,32000,0.66146875,47995
read,UnqPtr,10000,8,0.078166,320000,0.24426875,489604
allocate,UnqPtr,1000,8,0.005625,1000,5.625,47995
allocate,std::shared_ptr,10000,8,0.11125,10000,11.125,489604
move,UnqPtr,1000000,8,18.470583,32000000,0.57720571875,48999055
allocate,std::shared_ptr,1000000,8,10.263792,1000000,10.263792,48999055
stack,Stack<UnqPtr>,10000,8,0.151583,10000,15.1583,489604
array,std::shared_ptr,1000,8,0.013667,32000,0.42709375,47995
move,ShrdPtr,1000,8,0.020042,32000,0.6263125,47995
array,UnqPtr,1000000,8,11.369459,32000000,0.35529559375,48999055
move,UnqPtr,1000,8,0.015,32000,0.46875,47995
array,ShrdPtr,1000000,8,11.35,32000000,0.3546875,48999055
array,std::shared_ptr,1000000,8,11.285125,32000000,0.35266015625,48999055
array,UnqPtr,10000,8,0.122334,320000,0.38229375,489604
lifecycle,std::make_shared,10000,8,0.163042,10000,16.3042,489604
lifecycle,UnqPtr,1000000,8,13.044125,1000000,13.044125,48999055
array,std::unique_ptr,1000,8,0.012584,32000,0.39325,47995
read,std::unique_ptr,1000,8,0.004833,32000,0.15103125,47995
read,ShrdPtr,1000,8,0.005791,32000,0.18096875,47995
lifecycle,std::unique_ptr,10000,8,0.134208,10000,13.4208,489604
lifecycle,std::shared_ptr,100000,8,2.860916,100000,28.60916,4899685
read,std::unique_ptr,1000000,8,8.015792,32000000,0.2504935,48999055
read,std::make_shared,10000,8,0.123583,320000,0.386196875,489604
move,std::unique_ptr,100000,8,1.82375,3200000,0.569921875,4899685
allocate,std::unique_ptr,1000000,8,5.331667,1000000,5.331667,48999055
read,std::shared_ptr,1000,8,0.005875,32000,0.18359375,47995
read,UnqPtr,100000,8,0.725084,3200000,0.22658875,4899685
move,std::shared_ptr,1000,8,0.01975,32000,0.6171875,47995
move,std::shared_ptr,100000,8,2.81375,3200000,0.879296875,4899685
allocate,std::make_shared,10000,8,0.055792,10000,5.5792,489604
move,std::unique_ptr,10000,8,0.183167,320000,0.572396875,489604
array,std::shared_ptr,100000,8,1.135167,3200000,0.3547396875,4899685
allocate,ShrdPtr,10000,8,0.104709,10000,10.4709,489604
lifecycle,UnqPtr,10000,8,0.125125,10000,12.5125,489604
read,std::shared_ptr,1000000,8,13.506083,32000000,0.42206509375,48999055
read,std::shared_ptr,100000,8,0.967125,3200000,0.3022265625,4899685
allocate,std::unique_ptr,1000,8,0.005834,1000,5.834,47995
read,ShrdPtr,1000000,8,13.983083,32000000,0.43697134375,48999055
stack,Stack<UnqPtr>,100000,8,1.354083,100000,13.54083,4899685
lifecycle,ShrdPtr,1000000,8,25.622792,1000000,25.622792,48999055
read,UnqPtr,1000000,8,11.359083,32000000,0.35497134375,48999055
array,UnqPtr,1000,8,0.013333,32000,0.41665625,47995
allocate,std::unique_ptr,10000,8,0.062083,10000,6.2083,489604
lifecycle,std::unique_ptr,1000,8,0.016459,1000,16.459,47995
array,ShrdPtr,1000,8,0.012792,32000,0.39975,47995
stack,Stack<UnqPtr>,1000000,8,13.68425,1000000,13.68425,48999055
move,std::make_shared,100000,8,2.745584,3200000,0.857995,4899685
lifecycle,std::make_shared,1000,8,0.019208,1000,19.208,47995
move,std::shared_ptr,10000,8,0.279458,320000,0.87330625,489604
array,ShrdPtr,10000,8,0.115083,320000,0.359634375,489604
lifecycle,std::shared_ptr,1000000,8,28.927083,1000000,28.927083,48999055
copy,ShrdPtr,10000,8,0.189834,160000,1.1864625,489604
stack,Stack<std::unique_ptr>,100000,8,1.444792,100000,14.44792,4899685
copy,ShrdPtr,100000,8,1.944833,1600000,1.215520625,4899685
stack,Stack<std::unique_ptr>,1000000,8,15.373,1000000,15.373,48999055
allocate,std::make_shared,1000000,8,6.078208,1000000,6.078208,48999055
array,std::unique_ptr,1000000,8,11.69125,32000000,0.3653515625,48999055
move,std::shared_ptr,1000000,9,33.559208,32000000,1.04872525,48999055
array,std::unique_ptr,10000,9,0.123167,320000,0.384896875,489604
copy,std::make_shared,100000,9,4.695917,1600000,2.934948125,4899685
read,std::make_shared,1000000,9,21.819916,32000000,0.681872375,48999055
stack,Stack<UnqPtr>,10000,9,0.142458,10000,14.2458,489604
read,UnqPtr,1000,9,0.00475,32000,0.1484375,47995
array,std::shared_ptr,10000,9,0.116875,320000,0.365234375,489604
move,std::shared_ptr,100000,9,2.745084,3200000,0.85783875,4899685
allocate,std::shared_ptr,1000,9,0.012125,1000,12.125,47995
copy,ShrdPtr,100000,9,1.647291,1600000,1.029556875,4899685
allocate,std::unique_ptr,1000000,9,5.548708,1000000,5.548708,48999055
lifecycle,UnqPtr,100000,9,1.27425,100000,12.7425,4899685
copy,ShrdPtr,1000000,9,30.330708,16000000,1.89566925,48999055
allocate,std::make_shared,1000000,9,5.778209,1000000,5.778209,48999055
move,UnqPtr,1000,9,0.015209,32000,0.47528125,47995
stack,Stack<UnqPtr>,1000000,9,13.560708,1000000,13.560708,48999055
allocate,std::make_shared,100000,9,0.57575,100000,5.7575,4899685
read,std::make_shared,1000,9,0.005458,32000,0.1705625,47995
read,UnqPtr,10000,9,0.073583,320000,0.229946875,489604
stack,Stack<UnqPtr>,100000,9,1.357666,100000,13.57666,4899685
allocate,std::shared_ptr,10000,9,0.125083,10000,12.5083,489604
read,std::unique_ptr,1000000,9,7.922166,32000000,0.2475676875,48999055
copy,std::make_shared,1000,9,0.02575,16000,1.609375,47995
lifecycle,std::shared_ptr,100000,9,2.833792,100000,28.33792,4899685
move,std::shared_ptr,1000,9,0.021,32000,0.65625,47995
move,std::make_shared,10000,9,0.284458,320000,0.88893125,489604
stack,Stack<std::unique_ptr>,1000000,9,14.553792,1000000,14.553792,48999055
lifecycle,ShrdPtr,1000,9,0.022333,1000,22.333,47995
array,ShrdPtr,1000,9,0.01325,32000,0.4140625,47995
allocate,std::unique_ptr,1000,9,0.005333,1000,5.333,47995
read,ShrdPtr,100000,9,0.925833,3200000,0.2893228125,4899685
lifecycle,std::unique_ptr,10000,9,0.127041,10000,12.7041,489604
copy,ShrdPtr,10000,9,0.167416,160000,1.04635,489604
copy,std::shared_ptr,100000,9,4.359833,1600000,2.724895625,4899685
array,std::shared_ptr,100000,9,1.134625,3200000,0.3545703125,4899685
read,std::unique_ptr,10000,9,0.074334,320000,0.23229375,489604
copy,std::shared_ptr,1000000,9,61.915083,16000000,3.8696926875,48999055
allocate,UnqPtr,100000,9,0.586958,100000,5.86958,4899685
lifecycle,std::unique_ptr,1000,9,0.013958,1000,13.958,47995
read,std::unique_ptr,100000,9,0.715917,3200000,0.2237240625,4899685
move,UnqPtr,1000000,9,18.788209,32000000,0.58713153125,48999055
array,UnqPtr,10000,9,0.11825,320000,0.36953125,489604
lifecycle,ShrdPtr,1000000,9,26.172833,1000000,26.172833,48999055
lifecycle,std::make_shared,1000,9,0.018666,1000,18.666,47995
array,std::unique_ptr,1000000,9,11.600917,32000000,0.36252865625,48999055
move,std::make_shared,1000,9,0.020458,32000,0.6393125,47995
move,std::unique_ptr,10000,9,0.187292,320000,0.5852875,489604
move,std::unique_ptr,1000000,9,19.063709,32000000,0.59574090625,48999055
array,UnqPtr,1000,9,0.013917,32000,0.43490625,47995
array,UnqPtr,1000000,9,11.816708,32000000,0.369272125,48999055
stack,Stack<std::unique_ptr>,100000,9,1.595541,100000,15.95541,4899685
move,std::unique_ptr,1000,9,0.01575,32000,0.4921875,47995
allocate,ShrdPtr,10000,9,0.114292,10000,11.4292,489604
lifecycle,UnqPtr,1000,9,0.012833,1000,12.833,47995
copy,std::make_shared,1000000,9,47.462625,16000000,2.9664140625,48999055
allocate,std::shared_ptr,1000000,9,10.613333,1000000,10.613333,48999055
stack,Stack<UnqPtr>,1000,9,0.011125,1000,11.125,47995
allocate,ShrdPtr,1000,9,0.00975,1000,9.75,47995
copy,ShrdPtr,1000,9,0.012792,16000,0.7995,47995
read,ShrdPtr,1000000,9,13.255459,32000000,0.41423309375,48999055
array,std::unique_ptr,100000,9,1.146709,3200000,0.3583465625,4899685
lifecycle,std::unique_ptr,100000,9,1.264375,100000,12.64375,4899685
lifecycle,std::shared_ptr,1000,9,0.031084,1000,31.084,47995
move,ShrdPtr,100000,9,2.758125,3200000,0.8619140625,4899685
move,std::shared_ptr,10000,9,0.268041,320000,0.837628125,489604
read,std::shared_ptr,1000000,9,14.057792,32000000,0.439306,48999055
array,std::shared_ptr,1000,9,0.013791,32000,0.43096875,47995
allocate,UnqPtr,10000,9,0.052625,10000,5.2625,489604
lifecycle,std::make_shared,100000,9,1.651167,100000,16.51167,4899685
array,UnqPtr,100000,9,1.141416,3200000,0.3566925,4899685
read,UnqPtr,1000000,9,11.611167,32000000,0.36284896875,48999055
move,UnqPtr,10000,9,0.181292,320000,0.5665375,489604
lifecycle,UnqPtr,10000,9,0.130459,10000,13.0459,489604
read,std::make_shared,10000,9,0.121167,320000,0.378646875,489604
array,ShrdPtr,1000000,9,11.311458,32000000,0.3534830625,48999055
read,std::make_shared,100000,9,1.245833,3200000,0.3893228125,4899685
lifecycle,UnqPtr,1000000,9,12.621083,1000000,12.621083,48999055
read,std::shared_ptr,10000,9,0.098084,320000,0.3065125,489604
allocate,std::unique_ptr,10000,9,0.05425,10000,5.425,489604
copy,std::shared_ptr,10000,9,0.405333,160000,2.53333125,489604
move,ShrdPtr,1000,9,0.019958,32000,0.6236875,47995
move,ShrdPtr,1000000,9,28.832917,32000000,0.90102865625,48999055
allocate,std::unique_ptr,100000,9,0.527958,100000,5.27958,4899685
stack,Stack<std::unique_ptr>,1000,9,0.014417,1000,14.417,47995
array,std::shared_ptr,1000000,9,13.134709,32000000,0.41045965625,48999055
lifecycle,std::make_shared,1000000,9,17.67975,1000000,17.67975,48999055
move,std::make_shared,100000,9,2.744417,3200000,0.8576303125,4899685
read,ShrdPtr,1000,9,0.005458,32000,0.1705625,47995
array,std::unique_ptr,1000,9,0.012833,32000,0.40103125,47995
move,ShrdPtr,10000,9,0.274875,320000,0.858984375,489604
move,std::make_shared,1000000,9,28.14825,32000000,0.8796328125,48999055
copy,std::make_shared,10000,9,0.422667,160000,2.64166875,489604
stack,Stack<std::unique_ptr>,10000,9,0.153417,10000,15.3417,489604
read,ShrdPtr,10000,9,0.100125,320000,0.312890625,489604
read,std::unique_ptr,1000,9,0.00475,32000,0.1484375,47995
allocate,ShrdPtr,100000,9,1.032458,100000,10.32458,4899685
lifecycle,std::shared_ptr,10000,9,0.30125,10000,30.125,489604
read,UnqPtr,100000,9,0.660625,3200000,0.2064453125,4899685
array,ShrdPtr,10000,9,0.115125,320000,0.359765625,489604
move,UnqPtr,100000,9,1.83225,3200000,0.572578125,4899685
move,std::unique_ptr,100000,9,1.803375,3200000,0.5635546875,4899685
read,std::shared_ptr,1000,9,0.005542,32000,0.1731875,47995
allocate,std::make_shared,1000,9,0.005583,1000,5.583,47995
lifecycle,std::unique_ptr,1000000,9,12.800334,1000000,12.800334,48999055
array,ShrdPtr,100000,9,1.135667,3200000,0.3548959375,4899685
allocate,std::make_shared,10000,9,0.05375,10000,5.375,489604
allocate,UnqPtr,1000,9,0.00525,1000,5.25,47995
allocate,std::shared_ptr,100000,9,1.029209,100000,10.29209,4899685
lifecycle,std::shared_ptr,1000000,9,28.867459,1000000,28.867459,48999055
allocate,ShrdPtr,1000000,9,10.404167,1000000,10.404167,48999055
lifecycle,ShrdPtr,100000,9,2.470458,100000,24.70458,4899685
copy,std::shared_ptr,1000,9,0.025791,16000,1.6119375,47995
lifecycle,ShrdPtr,10000,9,0.243292,10000,24.3292,489604
read,std::shared_ptr,100000,9,0.943334,3200000,0.294791875,4899685
lifecycle,std::make_shared,10000,9,0.162125,10000,16.2125,489604
allocate,UnqPtr,1000000,9,5.297792,1000000,5.297792,48999055
lifecycle,std::shared_ptr,100000,10,2.858542,100000,28.58542,4899685
read,ShrdPtr,100000,10,0.896125,3200000,0.2800390625,4899685
array,ShrdPtr,1000000,10,11.324791,32000000,0.35389971875,48999055
allocate,std::shared_ptr,10000,10,0.106083,10000,10.6083,489604
read,std::shared_ptr,1000000,10,13.536417,32000000,0.42301303125,48999055
move,UnqPtr,1000000,10,18.814833,32000000,0.58796353125,48999055
allocate,std::make_shared,1000000,10,6.100167,1000000,6.100167,48999055
allocate,UnqPtr,1000000,10,5.706166,1000000,5.706166,48999055
lifecycle,std::unique_ptr,1000000,10,13.355083,1000000,13.355083,48999055
array,std::unique_ptr,100000,10,1.165834,3200000,0.364323125,4899685
move,std::make_shared,1000000,10,28.630833,32000000,0.89471353125,48999055
move,std::shared_ptr,100000,10,2.8875,3200000,0.90234375,4899685
read,std::unique_ptr,1000000,10,9.889666,32000000,0.3090520625,48999055
read,std::make_shared,100000,10,1.2925,3200000,0.40390625,4899685
copy,std::shared_ptr,1000000,10,46.524958,16000000,2.907809875,48999055
allocate,std::unique_ptr,1000,10,0.006416,1000,6.416,47995
read,std::make_shared,1000,10,0.005958,32000,0.1861875,47995
allocate,std::unique_ptr,1000000,10,5.691291,1000000,5.691291,48999055
allocate,std::unique_ptr,10000,10,0.064084,10000,6.4084,489604
read,ShrdPtr,1000,10,0.005583,32000,0.17446875,47995
array,std::shared_ptr,10000,10,0.118625,320000,0.370703125,489604
read,std::make_shared,1000000,10,28.617916,32000000,0.894309875,48999055
array,std::unique_ptr,10000,10,0.122,320000,0.38125,489604
move,std::make_shared,10000,10,0.281708,320000,0.8803375,489604
read,UnqPtr,1000,10,0.004834,32000,0.1510625,47995
move,ShrdPtr,100000,10,2.811125,3200000,0.8784765625,4899685
read,UnqPtr,100000,10,0.775084,3200000,0.24221375,4899685
array,std::unique_ptr,1000,10,0.012584,32000,0.39325,47995
lifecycle,UnqPtr,100000,10,1.317417,100000,13.17417,4899685
lifecycle,std::shared_ptr,10000,10,0.297333,10000,29.7333,489604
copy,ShrdPtr,10000,10,0.319917,160000,1.99948125,489604
array,UnqPtr,100000,10,1.157,3200000,0.3615625,4899685
move,std::shared_ptr,1000,10,0.021708,32000,0.678375,47995
allocate,std::make_shared,10000,10,0.058292,10000,5.8292,489604
lifecycle,std::make_shared,100000,10,1.760417,100000,17.60417,4899685
copy,ShrdPtr,1000000,10,27.458625,16000000,1.7161640625,48999055
lifecycle,std::make_shared,1000,10,0.019209,1000,19.209,47995
lifecycle,UnqPtr,10000,10,0.13025,10000,13.025,489604
allocate,std::unique_ptr,100000,10,0.570959,100000,5.70959,4899685
move,std::shared_ptr,10000,10,0.296917,320000,0.927865625,489604
copy,std::make_shared,1000,10,0.026375,16000,1.6484375,47995
allocate,std::make_shared,1000,10,0.005583,1000,5.583,47995
move,ShrdPtr,1000,10,0.021625,32000,0.67578125,47995
lifecycle,std::make_shared,1000000,10,17.774333,1000000,17.774333,48999055
allocate,std::shared_ptr,100000,10,1.115625,100000,11.15625,4899685
move,ShrdPtr,1000000,10,29.765083,32000000,0.93015884375,48999055
array,std::unique_ptr,1000000,10,11.527916,32000000,0.360247375,48999055
lifecycle,ShrdPtr,10000,10,0.268666,10000,26.8666,489604
stack,Stack<UnqPtr>,100000,10,1.373208,100000,13.73208,4899685
array,ShrdPtr,100000,10,1.167209,3200000,0.3647528125,4899685
lifecycle,std::unique_ptr,1000,10,0.011541,1000,11.541,47995
allocate,std::make_shared,100000,10,0.605708,100000,6.05708,4899685
allocate,UnqPtr,1000,10,0.006709,1000,6.709,47995
copy,std::make_shared,100000,10,4.410458,1600000,2.75653625,4899685
stack,Stack<std::unique_ptr>,1000000,10,14.811666,1000000,14.811666,48999055
array,std::shared_ptr,1000,10,0.013834,32000,0.4323125,47995
lifecycle,ShrdPtr,1000000,10,27.03725,1000000,27.03725,48999055
array,UnqPtr,1000000,10,11.863375,32000000,0.37073046875,48999055
lifecycle,UnqPtr,1000,10,0.015917,1000,15.917,47995
allocate,UnqPtr,100000,10,0.557084,100000,5.57084,4899685
array,UnqPtr,1000,10,0.012792,32000,0.39975,47995
read,std::unique_ptr,1000,10,0.004834,32000,0.1510625,47995
lifecycle,std::shared_ptr,1000000,10,28.955041,1000000,28.955041,48999055
move,std::unique_ptr,1000000,10,18.804792,32000000,0.58764975,48999055
move,std::unique_ptr,100000,10,1.85675,3200000,0.580234375,4899685
move,UnqPtr,1000,10,0.015291,32000,0.47784375,47995
lifecycle,std::make_shared,10000,10,0.176291,10000,17.6291,489604
stack,Stack<std::unique_ptr>,10000,10,0.155375,10000,15.5375,489604
read,ShrdPtr,1000000,10,16.344375,32000000,0.51076171875,48999055
move,std::unique_ptr,1000,10,0.015542,32000,0.4856875,47995
array,ShrdPtr,10000,10,0.118333,320000,0.369790625,489604
read,std::make_shared,10000,10,0.121916,320000,0.3809875,489604
stack,Stack<UnqPtr>,1000,10,0.012417,1000,12.417,47995
array,ShrdPtr,1000,10,0.013083,32000,0.40884375,47995
copy,std::shared_ptr,10000,10,0.434291,160000,2.71431875,489604
read,ShrdPtr,10000,10,0.094333,320000,0.294790625,489604
allocate,ShrdPtr,10000,10,0.110791,10000,11.0791,489604
allocate,std::shared_ptr,1000,10,0.011791,1000,11.791,47995
move,UnqPtr,10000,10,0.180542,320000,0.56419375,489604
stack,Stack<std::unique_ptr>,1000,10,0.012708,1000,12.708,47995
read,std::shared_ptr,10000,10,0.116083,320000,0.362759375,489604
copy,std::make_shared,10000,10,0.416084,160000,2.600525,489604
copy,std::shared_ptr,100000,10,4.440209,1600000,2.775130625,4899685
move,ShrdPtr,10000,10,0.2775,320000,0.8671875,489604
copy,ShrdPtr,100000,10,1.722958,1600000,1.07684875,4899685
allocate,ShrdPtr,1000000,10,11.270417,1000000,11.270417,48999055
stack,Stack<UnqPtr>,1000000,10,13.685125,1000000,13.685125,48999055
read,UnqPtr,10000,10,0.074834,320000,0.23385625,489604
lifecycle,UnqPtr,1000000,10,13.464792,1000000,13.464792,48999055
lifecycle,std::unique_ptr,10000,10,0.1305,10000,13.05,489604
copy,std::make_shared,1000000,10,53.711708,16000000,3.35698175,48999055
allocate,UnqPtr,10000,10,0.062834,10000,6.2834,489604
move,std::unique_ptr,10000,10,0.192125,320000,0.600390625,489604
read,std::shared_ptr,1000,10,0.005417,32000,0.16928125,47995
copy,ShrdPtr,1000,10,0.012417,16000,0.7760625,47995
array,UnqPtr,10000,10,0.115209,320000,0.360028125,489604
move,UnqPtr,100000,10,1.856541,3200000,0.5801690625,4899685
move,std::make_shared,1000,10,0.019875,32000,0.62109375,47995
lifecycle,std::unique_ptr,100000,10,1.280167,100000,12.80167,4899685
read,UnqPtr,1000000,10,11.886125,32000000,0.37144140625,48999055
lifecycle,std::shared_ptr,1000,10,0.042667,1000,42.667,47995
allocate,ShrdPtr,100000,10,1.135792,100000,11.35792,4899685
move,std::shared_ptr,1000000,10,28.757083,32000000,0.89865884375,48999055
allocate,std::shared_ptr,1000000,10,11.266416,1000000,11.266416,48999055
stack,Stack<UnqPtr>,10000,10,0.137083,10000,13.7083,489604
copy,std::shared_ptr,1000,10,0.028833,16000,1.8020625,47995
array,std::shared_ptr,100000,10,1.155875,3200000,0.3612109375,4899685
lifecycle,ShrdPtr,100000,10,2.489083,100000,24.89083,4899685
allocate,ShrdPtr,1000,10,0.010541,1000,10.541,47995
lifecycle,ShrdPtr,1000,10,0.021792,1000,21.792,47995
read,std::unique_ptr,100000,10,0.659667,3200000,0.2061459375,4899685
read,std::unique_ptr,10000,10,0.077792,320000,0.2431,489604
array,std::shared_ptr,1000000,10,11.597542,32000000,0.3624231875,48999055
move,std::make_shared,100000,10,2.816333,3200000,0.8801040625,4899685
stack,Stack<std::unique_ptr>,100000,10,1.4155,100000,14.155,4899685
read,std::shared_ptr,100000,10,0.916792,3200000,0.2864975,4899685
stack,Stack<std::unique_ptr>,100000,11,1.437083,100000,14.37083,4899685
copy,std::shared_ptr,10000,11,0.412917,160000,2.58073125,489604
array,UnqPtr,100000,11,1.15675,3200000,0.361484375,4899685
copy,std::shared_ptr,1000,11,0.025083,16000,1.5676875,47995
allocate,ShrdPtr,100000,11,1.075833,100000,10.75833,4899685
array,std::shared_ptr,1000,11,0.013041,32000,0.40753125,47995
lifecycle,UnqPtr,10000,11,0.124792,10000,12.4792,489604
read,std::unique_ptr,1000000,11,8.152541,32000000,0.25476690625,48999055
read,std::make_shared,100000,11,1.239542,3200000,0.387356875,4899685
stack,Stack<std::unique_ptr>,10000,11,0.147458,10000,14.7458,489604
read,std::shared_ptr,100000,11,0.894292,3200000,0.27946625,4899685
allocate,std::make_shared,10000,11,0.057,10000,5.7,489604
read,UnqPtr,100000,11,0.72575,3200000,0.226796875,4899685
lifecycle,std::make_shared,10000,11,0.162666,10000,16.2666,489604
allocate,std::make_shared,1000000,11,5.591,1000000,5.591,48999055
read,UnqPtr,1000,11,0.004666,32000,0.1458125,47995
lifecycle,std::unique_ptr,100000,11,1.25375,100000,12.5375,4899685
allocate,std::unique_ptr,1000000,11,5.987,1000000,5.987,48999055
move,UnqPtr,1000000,11,18.434458,32000000,0.5760768125,48999055
array,ShrdPtr,1000000,11,11.322666,32000000,0.3538333125,48999055
lifecycle,std::shared_ptr,100000,11,2.893666,100000,28.93666,4899685
array,UnqPtr,1000000,11,11.335,32000000,0.35421875,48999055
move,std::shared_ptr,10000,11,0.27875,320000,0.87109375,489604
stack,Stack<std::unique_ptr>,1000,11,0.0125,1000,12.5,47995
array,std::shared_ptr,1000000,11,11.292459,32000000,0.35288934375,48999055
allocate,std::shared_ptr,10000,11,0.109333,10000,10.9333,489604
copy,ShrdPtr,1000,11,0.013334,16000,0.833375,47995
allocate,ShrdPtr,10000,11,0.11725,10000,11.725,489604
lifecycle,ShrdPtr,10000,11,0.243541,10000,24.3541,489604
move,ShrdPtr,10000,11,0.268667,320000,0.839584375,489604
copy,std::make_shared,100000,11,4.405125,1600000,2.753203125,4899685
copy,std::make_shared,1000000,11,51.792041,16000000,3.2370025625,48999055
move,std::make_shared,100000,11,2.813583,3200000,0.8792446875,4899685
move,ShrdPtr,100000,11,2.752917,3200000,0.8602865625,4899685
copy,std::shared_ptr,1000000,11,44.724834,16000000,2.795302125,48999055
allocate,std::shared_ptr,100000,11,1.097792,100000,10.97792,4899685
lifecycle,std::make_shared,100000,11,1.663375,100000,16.63375,4899685
read,std::unique_ptr,10000,11,0.077916,320000,0.2434875,489604
lifecycle,UnqPtr,100000,11,1.2755,100000,12.755,4899685
lifecycle,std::make_shared,1000000,11,17.015791,1000000,17.015791,48999055
array,std::unique_ptr,1000000,11,11.36125,32000000,0.3550390625,48999055
lifecycle,std::unique_ptr,1000,11,0.013333,1000,13.333,47995
allocate,std::shared_ptr,1000,11,0.012291,1000,12.291,47995
read,std::unique_ptr,100000,11,0.665542,3200000,0.207981875,4899685
allocate,UnqPtr,10000,11,0.055959,10000,5.5959,489604
move,std::make_shared,1000000,11,27.870375,32000000,0.87094921875,48999055
lifecycle,ShrdPtr,1000000,11,25.370333,1000000,25.370333,48999055
lifecycle,std::unique_ptr,10000,11,0.133958,10000,13.3958,489604
allocate,UnqPtr,100000,11,0.569167,100000,5.69167,4899685
copy,ShrdPtr,10000,11,0.17075,160000,1.0671875,489604
allocate,ShrdPtr,1000000,11,11.0075,1000000,11.0075,48999055
move,std::shared_ptr,1000000,11,27.79525,32000000,0.8686015625,48999055
allocate,std::unique_ptr,1000,11,0.006209,1000,6.209,47995
read,std::make_shared,10000,11,0.134209,320000,0.419403125,489604
lifecycle,std::unique_ptr,1000000,11,12.763625,1000000,12.763625,48999055
allocate,UnqPtr,1000,11,0.005833,1000,5.833,47995
allocate,std::make_shared,1000,11,0.006208,1000,6.208,47995
copy,std::shared_ptr,100000,11,4.503833,1600000,2.814895625,4899685
allocate,ShrdPtr,1000,11,0.011375,1000,11.375,47995
copy,ShrdPtr,100000,11,2.773333,1600000,1.733333125,4899685
stack,Stack<UnqPtr>,10000,11,0.131416,10000,13.1416,489604
allocate,std::shared_ptr,1000000,11,10.818833,1000000,10.818833,48999055
move,ShrdPtr,1000,11,0.019833,32000,0.61978125,47995
move,UnqPtr,1000,11,0.015125,32000,0.47265625,47995
allocate,UnqPtr,1000000,11,5.541125,1000000,5.541125,48999055
allocate,std::unique_ptr,10000,11,0.062417,10000,6.2417,489604
read,std::shared_ptr,1000,11,0.005625,32000,0.17578125,47995
read,std::unique_ptr,1000,11,0.004792,32000,0.14975,47995
lifecycle,std::shared_ptr,1000000,11,29.233167,1000000,29.233167,48999055
read,ShrdPtr,1000,11,0.005583,32000,0.17446875,47995
read,ShrdPtr,10000,11,0.097042,320000,0.30325625,489604
read,ShrdPtr,100000,11,0.934292,3200000,0.29196625,4899685
stack,Stack<std::unique_ptr>,1000000,11,14.50875,1000000,14.50875,48999055
read,UnqPtr,1000000,11,8.697833,32000000,0.27180728125,48999055
array,UnqPtr,1000,11,0.013333,32000,0.41665625,47995
array,std::unique_ptr,1000,11,0.012458,32000,0.3893125,47995
stack,Stack<UnqPtr>,1000,11,0.012625,1000,12.625,47995
copy,std::make_shared,10000,11,0.421459,160000,2.63411875,489604
read,std::make_shared,1000000,11,20.728625,32000000,0.64776953125,48999055
move,std::shared_ptr,100000,11,2.759,3200000,0.8621875,4899685
array,ShrdPtr,10000,11,0.116916,320000,0.3653625,489604
move,UnqPtr,100000,11,1.829708,3200000,0.57178375,4899685
move,std::unique_ptr,10000,11,0.181416,320000,0.566925,489604
move,std::make_shared,1000,11,0.021042,32000,0.6575625,47995
lifecycle,std::make_shared,1000,11,0.015375,1000,15.375,47995
array,UnqPtr,10000,11,0.115833,320000,0.361978125,489604
read,std::make_shared,1000,11,0.007792,32000,0.2435,47995
move,std::make_shared,10000,11,0.279666,320000,0.87395625,489604
read,std::shared_ptr,10000,11,0.094291,320000,0.294659375,489604
move,ShrdPtr,1000000,11,27.887375,32000000,0.87148046875,48999055
read,UnqPtr,10000,11,0.076667,320000,0.239584375,489604
move,std::shared_ptr,1000,11,0.021,32000,0.65625,47995
read,ShrdPtr,1000000,11,10.959334,32000000,0.3424791875,48999055
move,std::unique_ptr,100000,11,1.83225,3200000,0.572578125,4899685
lifecycle,UnqPtr,1000000,11,13.290208,1000000,13.290208,48999055
copy,std::make_shared,1000,11,0.025542,16000,1.596375,47995
move,std::unique_ptr,1000,11,0.01575,32000,0.4921875,47995
array,ShrdPtr,1000,11,0.012959,32000,0.40496875,47995
array,std::unique_ptr,100000,11,1.144667,3200000,0.3577084375,4899685
copy,ShrdPtr,1000000,11,37.588625,16000000,2.3492890625,48999055
array,std::unique_ptr,10000,11,0.120083,320000,0.375259375,489604
array,std::shared_ptr,100000,11,1.299709,3200000,0.4061590625,4899685
read,std::shared_ptr,1000000,11,15.21475,32000000,0.4754609375,48999055
lifecycle,std::shared_ptr,10000,11,0.334792,10000,33.4792,489604
array,ShrdPtr,100000,11,1.175333,3200000,0.3672915625,4899685
lifecycle,UnqPtr,1000,11,0.013083,1000,13.083,47995
array,std::shared_ptr,10000,11,0.1185,320000,0.3703125,489604
stack,Stack<UnqPtr>,100000,11,2.099708,100000,20.99708,4899685
lifecycle,ShrdPtr,1000,11,0.0225,1000,22.5,47995
stack,Stack<UnqPtr>,1000000,11,14.766,1000000,14.766,48999055
allocate,std::unique_ptr,100000,11,0.575875,100000,5.75875,4899685
allocate,std::make_shared,100000,11,0.577542,100000,5.77542,4899685
move,std::unique_ptr,1000000,11,19.762167,32000000,0.61756771875,48999055
lifecycle,std::shared_ptr,1000,11,0.033458,1000,33.458,47995
lifecycle,ShrdPtr,100000,11,2.518166,100000,25.18166,4899685
move,UnqPtr,10000,11,0.179291,320000,0.560284375,489604
allocate,ShrdPtr,1000000,12,11.063375,1000000,11.063375,48999055
move,std::shared_ptr,1000000,12,31.481541,32000000,0.98379815625,48999055
allocate,std::make_shared,10000,12,0.062333,10000,6.2333,489604
stack,Stack<UnqPtr>,100000,12,1.318125,100000,13.18125,4899685
move,std::shared_ptr,1000,12,0.020416,32000,0.638,47995
allocate,std::shared_ptr,1000000,12,12.286667,1000000,12.286667,48999055
array,UnqPtr,1000,12,0.01375,32000,0.4296875,47995
allocate,UnqPtr,10000,12,0.065709,10000,6.5709,489604
move,std::make_shared,1000000,12,35.495333,32000000,1.10922915625,48999055
allocate,std::make_shared,1000000,12,5.666334,1000000,5.666334,48999055
lifecycle,UnqPtr,1000,12,0.015291,1000,15.291,47995
array,UnqPtr,10000,12,0.122166,320000,0.38176875,489604
lifecycle,std::shared_ptr,1000000,12,30.173834,1000000,30.173834,48999055
stack,Stack<std::unique_ptr>,100000,12,1.586208,100000,15.86208,4899685
stack,Stack<UnqPtr>,10000,12,0.135333,10000,13.5333,489604
allocate,std::make_shared,1000,12,0.022167,1000,22.167,47995
read,std::shared_ptr,10000,12,0.101167,320000,0.316146875,489604
array,ShrdPtr,1000,12,0.013667,32000,0.42709375,47995
copy,std::shared_ptr,10000,12,0.423333,160000,2.64583125,489604
move,std::unique_ptr,1000,12,0.01625,32000,0.5078125,47995
copy,std::shared_ptr,1000,12,0.026375,16000,1.6484375,47995
move,UnqPtr,1000,12,0.017667,32000,0.55209375,47995
move,UnqPtr,10000,12,0.194208,320000,0.6069,489604
allocate,UnqPtr,1000000,12,5.442667,1000000,5.442667,48999055
read,UnqPtr,1000,12,0.005208,32000,0.16275,47995
read,std::unique_ptr,100000,12,0.785791,3200000,0.2455596875,4899685
allocate,std::unique_ptr,1000,12,0.005042,1000,5.042,47995
allocate,std::unique_ptr,10000,12,0.06425,10000,6.425,489604
copy,std::shared_ptr,100000,12,4.6315,1600000,2.8946875,4899685
lifecycle,UnqPtr,100000,12,1.320583,100000,13.20583,4899685
lifecycle,UnqPtr,10000,12,0.128208,10000,12.8208,489604
lifecycle,std::unique_ptr,1000,12,0.013167,1000,13.167,47995
allocate,std::shared_ptr,100000,12,1.093292,100000,10.93292,4899685
lifecycle,std::unique_ptr,10000,12,0.131875,10000,13.1875,489604
move,ShrdPtr,1000000,12,45.350458,32000000,1.4172018125,48999055
allocate,ShrdPtr,10000,12,0.122875,10000,12.2875,489604
move,std::unique_ptr,1000000,12,26.407708,32000000,0.825240875,48999055
copy,std::make_shared,1000000,12,58.048167,16000000,3.6280104375,48999055
read,std::make_shared,1000000,12,20.881541,32000000,0.65254815625,48999055
read,std::shared_ptr,1000,12,0.005958,32000,0.1861875,47995
move,ShrdPtr,100000,12,2.771791,3200000,0.8661846875,4899685
lifecycle,std::shared_ptr,100000,12,2.762458,100000,27.62458,4899685
lifecycle,std::make_shared,100000,12,1.646917,100000,16.46917,4899685
move,std::make_shared,1000,12,0.02,32000,0.625,47995
lifecycle,std::make_shared,1000000,12,16.775541,1000000,16.775541,48999055
allocate,std::make_shared,100000,12,0.532333,100000,5.32333,4899685
read,std::unique_ptr,1000,12,0.00475,32000,0.1484375,47995
read,ShrdPtr,1000000,12,10.982958,32000000,0.3432174375,48999055
allocate,std::unique_ptr,1000000,12,5.1035,1000000,5.1035,48999055
read,std::unique_ptr,1000000,12,8.219167,32000000,0.25684896875,48999055
stack,Stack<std::unique_ptr>,10000,12,0.164208,10000,16.4208,489604
allocate,std::shared_ptr,1000,12,0.011334,1000,11.334,47995
array,std::shared_ptr,1000000,12,12.078,32000000,0.3774375,48999055
allocate,UnqPtr,1000,12,0.00575,1000,5.75,47995
copy,ShrdPtr,10000,12,0.162875,160000,1.01796875,489604
move,UnqPtr,1000000,12,18.4605,32000000,0.576890625,48999055
copy,std::shared_ptr,1000000,12,44.067667,16000000,2.7542291875,48999055
array,ShrdPtr,100000,12,1.1475,3200000,0.35859375,4899685
lifecycle,ShrdPtr,1000000,12,24.849,1000000,24.849,48999055
move,std::make_shared,100000,12,2.759042,3200000,0.862200625,4899685
stack,Stack<std::unique_ptr>,1000,12,0.013292,1000,13.292,47995
array,ShrdPtr,10000,12,0.11525,320000,0.36015625,489604
allocate,ShrdPtr,100000,12,1.056625,100000,10.56625,4899685
lifecycle,ShrdPtr,10000,12,0.24925,10000,24.925,489604
copy,std::make_shared,1000,12,0.030292,16000,1.89325,47995
move,std::unique_ptr,10000,12,0.179917,320000,0.562240625,489604
array,std::unique_ptr,1000,12,0.016708,32000,0.522125,47995
allocate,std::shared_ptr,10000,12,0.10625,10000,10.625,489604
allocate,ShrdPtr,1000,12,0.010542,1000,10.542,47995
stack,Stack<std::unique_ptr>,1000000,12,14.238584,1000000,14.238584,48999055
move,ShrdPtr,10000,12,0.275084,320000,0.8596375,489604
lifecycle,std::make_shared,10000,12,0.160917,10000,16.0917,489604
array,std::shared_ptr,10000,12,0.1155,320000,0.3609375,489604
lifecycle,UnqPtr,1000000,12,12.927875,1000000,12.927875,48999055
move,std::shared_ptr,100000,12,2.780667,3200000,0.8689584375,4899685
allocate,UnqPtr,100000,12,0.534042,100000,5.34042,4899685
copy,ShrdPtr,100000,12,2.750667,1600000,1.719166875,4899685
lifecycle,std::shared_ptr,10000,12,0.282416,10000,28.2416,489604
lifecycle,std::unique_ptr,100000,12,1.256083,100000,12.56083,4899685
lifecycle,ShrdPtr,100000,12,2.452916,100000,24.52916,4899685
array,std::unique_ptr,10000,12,0.114625,320000,0.358203125,489604
lifecycle,ShrdPtr,1000,12,0.02125,1000,21.25,47995
read,ShrdPtr,10000,12,0.09675,320000,0.30234375,489604
read,std::shared_ptr,1000000,12,11.071417,32000000,0.34598178125,48999055
move,std::unique_ptr,100000,12,1.832667,3200000,0.5727084375,4899685
copy,ShrdPtr,1000000,12,27.889666,16000000,1.743104125,48999055
read,ShrdPtr,1000,12,0.005541,32000,0.17315625,47995
array,std::shared_ptr,100000,12,1.138209,3200000,0.3556903125,4899685
read,std::make_shared,100000,12,1.284292,3200000,0.40134125,4899685
read,UnqPtr,100000,12,0.707125,3200000,0.2209765625,4899685
move,ShrdPtr,1000,12,0.019791,32000,0.61846875,47995
lifecycle,std::make_shared,1000,12,0.017041,1000,17.041,47995
array,ShrdPtr,1000000,12,11.299208,32000000,0.35310025,48999055
lifecycle,std::shared_ptr,1000,12,0.026542,1000,26.542,47995
read,std::unique_ptr,10000,12,0.075333,320000,0.235415625,489604
read,std::make_shared,1000,12,0.007791,32000,0.24346875,47995
stack,Stack<UnqPtr>,1000,12,0.011667,1000,11.667,47995
allocate,std::unique_ptr,100000,12,0.52725,100000,5.2725,4899685
move,UnqPtr,100000,12,1.833875,3200000,0.5730859375,4899685
lifecycle,std::unique_ptr,1000000,12,13.092125,1000000,13.092125,48999055
read,UnqPtr,10000,12,0.074541,320000,0.232940625,489604
read,std::shared_ptr,100000,12,0.950458,3200000,0.297018125,4899685
move,std::shared_ptr,10000,12,0.2765,320000,0.8640625,489604
array,UnqPtr,1000000,12,11.350917,32000000,0.35471615625,48999055
copy,std::make_shared,100000,12,4.429917,1600000,2.768698125,4899685
array,std::shared_ptr,1000,12,0.013167,32000,0.41146875,47995
array,std::unique_ptr,1000000,12,11.348041,32000000,0.35462628125,48999055
array,std::unique_ptr,100000,12,1.14425,3200000,0.357578125,4899685
read,std::make_shared,10000,12,0.124,320000,0.3875,489604
stack,Stack<UnqPtr>,1000000,12,13.749667,1000000,13.749667,48999055
move,std::make_shared,10000,12,0.278875,320000,0.871484375,489604
copy,ShrdPtr,1000,12,0.013459,16000,0.8411875,47995
read,ShrdPtr,100000,12,0.899625,3200000,0.2811328125,4899685
array,UnqPtr,100000,12,1.13775,3200000,0.355546875,4899685
read,UnqPtr,1000000,12,11.897041,32000000,0.37178253125,48999055
copy,std::make_shared,10000,12,0.424,160000,2.65,489604
allocate,std::unique_ptr,100000,13,0.574833,100000,5.74833,4899685
copy,std::make_shared,1000000,13,44.430458,16000000,2.776903625,48999055
move,std::make_shared,1000,13,0.020958,32000,0.6549375,47995
allocate,std::shared_ptr,10000,13,0.1175,10000,11.75,489604
move,std::unique_ptr,1000000,13,19.098583,32000000,0.59683071875,48999055
read,std::make_shared,1000,13,0.005708,32000,0.178375,47995
move,ShrdPtr,1000000,13,29.196083,32000000,0.91237759375,48999055
array,std::shared_ptr,10000,13,0.1225,320000,0.3828125,489604
copy,ShrdPtr,1000000,13,32.049417,16000000,2.0030885625,48999055
lifecycle,UnqPtr,1000,13,0.016042,1000,16.042,47995
move,ShrdPtr,1000,13,0.023625,32000,0.73828125,47995
lifecycle,std::shared_ptr,100000,13,2.945584,100000,29.45584,4899685
array,std::shared_ptr,1000000,13,11.586709,32000000,0.36208465625,48999055
array,ShrdPtr,10000,13,0.11725,320000,0.36640625,489604
array,std::shared_ptr,1000,13,0.013708,32000,0.428375,47995
allocate,std::shared_ptr,1000000,13,11.421833,1000000,11.421833,48999055
read,std::make_shared,10000,13,0.125166,320000,0.39114375,489604
copy,std::make_shared,100000,13,4.428417,1600000,2.767760625,4899685
copy,std::make_shared,10000,13,0.417916,160000,2.611975,489604
move,UnqPtr,1000,13,0.015334,32000,0.4791875,47995
lifecycle,std::shared_ptr,1000000,13,30.337375,1000000,30.337375,48999055
move,std::make_shared,10000,13,0.27875,320000,0.87109375,489604
move,std::shared_ptr,1000,13,0.02075,32000,0.6484375,47995
read,std::unique_ptr,10000,13,0.077959,320000,0.243621875,489604
move,std::shared_ptr,100000,13,2.881917,3200000,0.9005990625,4899685
move,UnqPtr,10000,13,0.194792,320000,0.608725,489604
lifecycle,std::unique_ptr,1000000,13,13.516,1000000,13.516,48999055
read,ShrdPtr,1000,13,0.005583,32000,0.17446875,47995
move,std::unique_ptr,1000,13,0.01575,32000,0.4921875,47995
allocate,std::make_shared,1000,13,0.007208,1000,7.208,47995
read,UnqPtr,1000,13,0.004875,32000,0.15234375,47995
array,std::shared_ptr,100000,13,1.19675,3200000,0.373984375,4899685
allocate,std::make_shared,100000,13,0.591417,100000,5.91417,4899685
read,UnqPtr,100000,13,0.856625,3200000,0.2676953125,4899685
copy,std::make_shared,1000,13,0.026375,16000,1.6484375,47995
read,std::make_shared,100000,13,1.329417,3200000,0.4154428125,4899685
stack,Stack<UnqPtr>,100000,13,1.362709,100000,13.62709,4899685
copy,ShrdPtr,10000,13,0.174625,160000,1.09140625,489604
lifecycle,ShrdPtr,10000,13,0.251833,10000,25.1833,489604
copy,std::shared_ptr,1000,13,0.026334,16000,1.645875,47995
read,std::shared_ptr,100000,13,1.157834,3200000,0.361823125,4899685
copy,std::shared_ptr,100000,13,4.6845,1600000,2.9278125,4899685
allocate,std::unique_ptr,10000,13,0.052208,10000,5.2208,489604
stack,Stack<std::unique_ptr>,1000,13,0.014625,1000,14.625,47995
read,UnqPtr,1000000,13,13.400917,32000000,0.41877865625,48999055
allocate,UnqPtr,1000000,13,5.857,1000000,5.857,48999055
move,std::make_shared,1000000,13,30.370083,32000000,0.94906509375,48999055
array,ShrdPtr,1000,13,0.017125,32000,0.53515625,47995
read,std::unique_ptr,100000,13,0.853667,3200000,0.2667709375,4899685
allocate,std::shared_ptr,100000,13,1.135958,100000,11.35958,4899685
allocate,UnqPtr,10000,13,0.068042,10000,6.8042,489604
copy,ShrdPtr,1000,13,0.013542,16000,0.846375,47995
lifecycle,std::make_shared,10000,13,0.184375,10000,18.4375,489604
array,UnqPtr,10000,13,0.119209,320000,0.372528125,489604
lifecycle,ShrdPtr,100000,13,2.596667,100000,25.96667,4899685
allocate,std::unique_ptr,1000000,13,5.516583,1000000,5.516583,48999055
lifecycle,UnqPtr,10000,13,0.129417,10000,12.9417,489604
read,ShrdPtr,100000,13,1.052917,3200000,0.3290365625,4899685
read,ShrdPtr,10000,13,0.107334,320000,0.33541875,489604
lifecycle,UnqPtr,1000000,13,13.665167,1000000,13.665167,48999055
lifecycle,UnqPtr,100000,13,1.340334,100000,13.40334,4899685
copy,std::shared_ptr,10000,13,0.426042,160000,2.6627625,489604
stack,Stack<UnqPtr>,1000,13,0.012458,1000,12.458,47995
lifecycle,std::make_shared,1000,13,0.017709,1000,17.709,47995
lifecycle,std::shared_ptr,10000,13,0.2985,10000,29.85,489604
array,UnqPtr,100000,13,1.190041,3200000,0.3718878125,4899685
allocate,std::make_shared,10000,13,0.06075,10000,6.075,489604
lifecycle,std::unique_ptr,1000,13,0.013792,1000,13.792,47995
move,UnqPtr,1000000,13,19.224875,32000000,0.60077734375,48999055
lifecycle,std::make_shared,100000,13,1.784333,100000,17.84333,4899685
allocate,std::shared_ptr,1000,13,0.011583,1000,11.583,47995
read,std::shared_ptr,1000000,13,15.731083,32000000,0.49159634375,48999055
stack,Stack<UnqPtr>,1000000,13,13.990375,1000000,13.990375,48999055
array,UnqPtr,1000,13,0.018625,32000,0.58203125,47995
stack,Stack<std::unique_ptr>,10000,13,0.162416,10000,16.2416,489604
move,std::make_shared,100000,13,2.999584,3200000,0.93737,4899685
read,std::shared_ptr,1000,13,0.006375,32000,0.19921875,47995
array,ShrdPtr,1000000,13,16.801375,32000000,0.52504296875,48999055
lifecycle,std::unique_ptr,10000,13,0.148334,10000,14.8334,489604
allocate,ShrdPtr,1000000,13,11.009584,1000000,11.009584,48999055
allocate,ShrdPtr,1000,13,0.035541,1000,35.541,47995
move,std::shared_ptr,10000,13,0.672209,320000,2.100653125,489604
allocate,std::unique_ptr,1000,13,0.005792,1000,5.792,47995
allocate,UnqPtr,1000,13,0.005,1000,5,47995
lifecycle,ShrdPtr,1000000,13,29.255167,1000000,29.255167,48999055
move,UnqPtr,100000,13,1.891416,3200000,0.5910675,4899685
read,ShrdPtr,1000000,13,14.183375,32000000,0.44323046875,48999055
stack,Stack<std::unique_ptr>,1000000,13,14.778291,1000000,14.778291,48999055
read,UnqPtr,10000,13,0.077084,320000,0.2408875,489604
read,std::shared_ptr,10000,13,0.095791,320000,0.299346875,489604
move,std::shared_ptr,1000000,13,28.746917,32000000,0.89834115625,48999055
lifecycle,ShrdPtr,1000,13,0.021959,1000,21.959,47995
lifecycle,std::shared_ptr,1000,13,0.02775,1000,27.75,47995
copy,ShrdPtr,100000,13,2.773542,1600000,1.73346375,4899685
array,std::unique_ptr,10000,13,0.115292,320000,0.3602875,489604
copy,std::shared_ptr,1000000,13,44.271542,16000000,2.766971375,48999055
array,UnqPtr,1000000,13,11.431875,32000000,0.35724609375,48999055
allocate,ShrdPtr,100000,13,1.07375,100000,10.7375,4899685
array,std::unique_ptr,1000000,13,11.269459,32000000,0.35217059375,48999055
stack,Stack<UnqPtr>,10000,13,0.13775,10000,13.775,489604
read,std::unique_ptr,1000000,13,8.283625,32000000,0.25886328125,48999055
move,ShrdPtr,100000,13,2.764333,3200000,0.8638540625,4899685
lifecycle,std::unique_ptr,100000,13,1.26425,100000,12.6425,4899685
array,std::unique_ptr,100000,13,1.142583,3200000,0.3570571875,4899685
allocate,UnqPtr,100000,13,0.526209,100000,5.26209,4899685
read,std::unique_ptr,1000,13,0.004666,32000,0.1458125,47995
move,ShrdPtr,10000,13,0.283334,320000,0.88541875,489604
move,std::unique_ptr,100000,13,1.8245,3200000,0.57015625,4899685
array,std::unique_ptr,1000,13,0.012625,32000,0.39453125,47995
move,std::unique_ptr,10000,13,0.182417,320000,0.570053125,489604
allocate,std::make_shared,1000000,13,6.006709,1000000,6.006709,48999055
lifecycle,std::make_shared,1000000,13,16.917125,1000000,16.917125,48999055
allocate,ShrdPtr,10000,13,0.105708,10000,10.5708,489604
array,ShrdPtr,100000,13,1.139167,3200000,0.3559896875,4899685
read,std::make_shared,1000000,13,20.036125,32000000,0.62612890625,48999055
stack,Stack<std::unique_ptr>,100000,13,1.416916,100000,14.16916,4899685
stack,Stack<UnqPtr>,100000,14,1.33525,100000,13.3525,4899685
stack,Stack<UnqPtr>,1000000,14,13.378583,1000000,13.378583,48999055
move,std::unique_ptr,1000000,14,19.328708,32000000,0.604022125,48999055
lifecycle,ShrdPtr,1000000,14,28.456291,1000000,28.456291,48999055
move,std::make_shared,1000,14,0.066625,32000,2.08203125,47995
array,std::unique_ptr,100000,14,1.294875,3200000,0.4046484375,4899685
copy,std::shared_ptr,10000,14,0.41275,160000,2.5796875,489604
move,std::make_shared,1000000,14,29.836917,32000000,0.93240365625,48999055
lifecycle,std::unique_ptr,100000,14,1.32475,100000,13.2475,4899685
move,std::shared_ptr,10000,14,0.285458,320000,0.89205625,489604
allocate,UnqPtr,10000,14,0.05475,10000,5.475,489604
lifecycle,ShrdPtr,1000,14,0.023292,1000,23.292,47995
move,std::shared_ptr,1000000,14,28.961416,32000000,0.90504425,48999055
allocate,ShrdPtr,1000,14,0.010417,1000,10.417,47995
copy,std::make_shared,1000,14,0.02625,16000,1.640625,47995
read,UnqPtr,10000,14,0.078209,320000,0.244403125,489604
lifecycle,UnqPtr,10000,14,0.134417,10000,13.4417,489604
move,std::shared_ptr,100000,14,2.813125,3200000,0.8791015625,4899685
array,std::unique_ptr,10000,14,0.123958,320000,0.38736875,489604
move,ShrdPtr,1000000,14,28.421334,32000000,0.8881666875,48999055
allocate,std::make_shared,1000,14,0.006084,1000,6.084,47995
array,UnqPtr,100000,14,1.162791,3200000,0.3633721875,4899685
array,std::unique_ptr,1000000,14,11.345208,32000000,0.35453775,48999055
read,ShrdPtr,1000000,14,12.934125,32000000,0.40419140625,48999055
allocate,std::make_shared,1000000,14,5.596875,1000000,5.596875,48999055
move,std::unique_ptr,10000,14,0.181208,320000,0.566275,489604
move,ShrdPtr,100000,14,2.751584,3200000,0.85987,4899685
stack,Stack<std::unique_ptr>,100000,14,1.45275,100000,14.5275,4899685
lifecycle,std::shared_ptr,1000000,14,28.645,1000000,28.645,48999055
read,UnqPtr,1000,14,0.00475,32000,0.1484375,47995
lifecycle,std::make_shared,10000,14,0.180458,10000,18.0458,489604
copy,ShrdPtr,1000000,14,42.126083,16000000,2.6328801875,48999055
array,UnqPtr,1000000,14,11.85025,32000000,0.3703203125,48999055
allocate,UnqPtr,1000,14,0.006042,1000,6.042,47995
move,std::unique_ptr,1000,14,0.015792,32000,0.4935,47995
read,UnqPtr,100000,14,0.7295,3200000,0.22796875,4899685
array,std::unique_ptr,1000,14,0.015708,32000,0.490875,47995
copy,ShrdPtr,1000,14,0.012834,16000,0.802125,47995
lifecycle,std::shared_ptr,100000,14,2.94625,100000,29.4625,4899685
stack,Stack<UnqPtr>,10000,14,0.137833,10000,13.7833,489604
array,UnqPtr,1000,14,0.01275,32000,0.3984375,47995
lifecycle,std::unique_ptr,10000,14,0.131667,10000,13.1667,489604
lifecycle,std::shared_ptr,1000,14,0.027917,1000,27.917,47995
lifecycle,std::shared_ptr,10000,14,0.291416,10000,29.1416,489604
copy,std::shared_ptr,100000,14,4.739083,1600000,2.961926875,4899685
move,std::make_shared,10000,14,0.317791,320000,0.993096875,489604
move,std::shared_ptr,1000,14,0.042125,32000,1.31640625,47995
array,std::shared_ptr,1000000,14,11.962709,32000000,0.37383465625,48999055
allocate,std::shared_ptr,1000,14,0.012042,1000,12.042,47995
allocate,std::unique_ptr,1000000,14,5.734083,1000000,5.734083,48999055
array,ShrdPtr,1000,14,0.013375,32000,0.41796875,47995
array,ShrdPtr,1000000,14,11.72675,32000000,0.3664609375,48999055
lifecycle,std::unique_ptr,1000000,14,13.845792,1000000,13.845792,48999055
read,std::unique_ptr,10000,14,0.080833,320000,0.252603125,489604
allocate,std::unique_ptr,1000,14,0.0055,1000,5.5,47995
read,std::shared_ptr,1000000,14,15.435167,32000000,0.48234896875,48999055
lifecycle,std::make_shared,1000,14,0.036333,1000,36.333,47995
read,std::make_shared,100000,14,3.161167,3200000,0.9878646875,4899685
lifecycle,UnqPtr,100000,14,1.332584,100000,13.32584,4899685
allocate,std::shared_ptr,10000,14,0.1095,10000,10.95,489604
read,std::make_shared,1000,14,0.00575,32000,0.1796875,47995
array,std::shared_ptr,10000,14,0.118916,320000,0.3716125,489604
lifecycle,ShrdPtr,100000,14,2.576041,100000,25.76041,4899685
move,UnqPtr,1000,14,0.015625,32000,0.48828125,47995
copy,ShrdPtr,100000,14,1.815583,1600000,1.134739375,4899685
move,std::unique_ptr,100000,14,1.871709,3200000,0.5849090625,4899685
copy,std::shared_ptr,1000,14,0.0265,16000,1.65625,47995
read,UnqPtr,1000000,14,17.276375,32000000,0.53988671875,48999055
allocate,std::shared_ptr,100000,14,1.064584,100000,10.64584,4899685
allocate,ShrdPtr,1000000,14,11.739583,1000000,11.739583,48999055
read,ShrdPtr,100000,14,1.016583,3200000,0.3176821875,4899685
stack,Stack<std::unique_ptr>,1000,14,0.014375,1000,14.375,47995
lifecycle,std::make_shared,1000000,14,18.31025,1000000,18.31025,48999055
stack,Stack<std::unique_ptr>,1000000,14,15.316459,1000000,15.316459,48999055
move,UnqPtr,1000000,14,26.914792,32000000,0.84108725,48999055
move,ShrdPtr,1000,14,0.020791,32000,0.64971875,47995
allocate,std::unique_ptr,10000,14,0.062083,10000,6.2083,489604
read,std::unique_ptr,1000000,14,10.243333,32000000,0.32010415625,48999055
lifecycle,ShrdPtr,10000,14,0.254916,10000,25.4916,489604
lifecycle,UnqPtr,1000000,14,15.397167,1000000,15.397167,48999055
read,std::make_shared,10000,14,0.125917,320000,0.393490625,489604
allocate,UnqPtr,1000000,14,5.506792,1000000,5.506792,48999055
allocate,std::shared_ptr,1000000,14,13.356375,1000000,13.356375,48999055
move,UnqPtr,100000,14,3.811583,3200000,1.1911196875,4899685
array,std::shared_ptr,100000,14,1.229042,3200000,0.384075625,4899685
allocate,UnqPtr,100000,14,0.650208,100000,6.50208,4899685
stack,Stack<std::unique_ptr>,10000,14,0.278333,10000,27.8333,489604
array,std::shared_ptr,1000,14,0.036167,32000,1.13021875,47995
allocate,ShrdPtr,100000,14,1.389875,100000,13.89875,4899685
array,ShrdPtr,100000,14,1.205167,3200000,0.3766146875,4899685
move,std::make_shared,100000,14,2.887417,3200000,0.9023178125,4899685
copy,ShrdPtr,10000,14,0.188625,160000,1.17890625,489604
allocate,std::unique_ptr,100000,14,0.620625,100000,6.20625,4899685
read,ShrdPtr,10000,14,0.114542,320000,0.35794375,489604
copy,std::make_shared,10000,14,0.486666,160000,3.0416625,489604
lifecycle,UnqPtr,1000,14,0.01425,1000,14.25,47995
allocate,ShrdPtr,10000,14,0.119583,10000,11.9583,489604
copy,std::make_shared,1000000,14,50.310708,16000000,3.14441925,48999055
move,UnqPtr,10000,14,0.187375,320000,0.585546875,489604
read,ShrdPtr,1000,14,0.014208,32000,0.444,47995
lifecycle,std::unique_ptr,1000,14,0.0265,1000,26.5,47995
read,std::make_shared,1000000,14,33.317542,32000000,1.0411731875,48999055
read,std::shared_ptr,100000,14,2.381125,3200000,0.7441015625,4899685
stack,Stack<UnqPtr>,1000,14,0.026625,1000,26.625,47995
lifecycle,std::make_shared,100000,14,2.802459,100000,28.02459,4899685
allocate,std::make_shared,10000,14,0.060417,10000,6.0417,489604
array,UnqPtr,10000,14,0.118709,320000,0.370965625,489604
array,ShrdPtr,10000,14,0.118791,320000,0.371221875,489604
move,ShrdPtr,10000,14,0.293541,320000,0.917315625,489604
copy,std::shared_ptr,1000000,14,62.795041,16000000,3.9246900625,48999055
copy,std::make_shared,100000,14,4.604584,1600000,2.877865,4899685
read,std::unique_ptr,100000,14,0.707083,3200000,0.2209634375,4899685
read,std::shared_ptr,10000,14,0.093958,320000,0.29361875,489604
read,std::shared_ptr,1000,14,0.0055,32000,0.171875,47995
read,std::unique_ptr,1000,14,0.004792,32000,0.14975,47995
allocate,std::make_shared,100000,14,0.566875,100000,5.66875,4899685
allocate,std::shared_ptr,1000000,15,10.6955,1000000,10.6955,48999055
move,std::unique_ptr,10000,15,0.184333,320000,0.576040625,489604
read,UnqPtr,1000,15,0.004791,32000,0.14971875,47995
read,std::unique_ptr,100000,15,0.689,3200000,0.2153125,4899685
move,std::make_shared,100000,15,2.812333,3200000,0.8788540625,4899685
stack,Stack<std::unique_ptr>,100000,15,1.567166,100000,15.67166,4899685
array,std::shared_ptr,10000,15,0.118208,320000,0.3694,489604
copy,std::make_shared,1000000,15,47.156,16000000,2.94725,48999055
lifecycle,std::make_shared,1000000,15,17.701292,1000000,17.701292,48999055
lifecycle,std::make_shared,1000,15,0.030583,1000,30.583,47995
stack,Stack<UnqPtr>,1000,15,0.012708,1000,12.708,47995
array,std::shared_ptr,100000,15,1.176917,3200000,0.3677865625,4899685
read,ShrdPtr,1000000,15,12.505917,32000000,0.39080990625,48999055
allocate,std::shared_ptr,100000,15,1.143791,100000,11.43791,4899685
read,UnqPtr,10000,15,0.079917,320000,0.249740625,489604
array,std::unique_ptr,1000000,15,12.018708,32000000,0.375584625,48999055
read,std::make_shared,100000,15,1.287042,3200000,0.402200625,4899685
move,std::make_shared,1000,15,0.020833,32000,0.65103125,47995
copy,std::shared_ptr,10000,15,0.429375,160000,2.68359375,489604
stack,Stack<UnqPtr>,10000,15,0.138209,10000,13.8209,489604
allocate,std::make_shared,1000,15,0.00575,1000,5.75,47995
stack,Stack<std::unique_ptr>,1000,15,0.013709,1000,13.709,47995
copy,ShrdPtr,100000,15,1.82875,1600000,1.14296875,4899685
read,ShrdPtr,1000,15,0.005584,32000,0.1745,47995
copy,ShrdPtr,1000,15,0.013958,16000,0.872375,47995
move,std::make_shared,10000,15,0.280292,320000,0.8759125,489604
allocate,ShrdPtr,1000000,15,11.29925,1000000,11.29925,48999055
allocate,std::make_shared,10000,15,0.059042,10000,5.9042,489604
read,std::shared_ptr,100000,15,1.068375,3200000,0.3338671875,4899685
read,ShrdPtr,10000,15,0.105416,320000,0.329425,489604
read,UnqPtr,100000,15,0.796,3200000,0.24875,4899685
move,std::shared_ptr,1000000,15,31.98425,32000000,0.9995078125,48999055
array,UnqPtr,1000,15,0.014125,32000,0.44140625,47995
array,std::unique_ptr,10000,15,0.120334,320000,0.37604375,489604
array,std::shared_ptr,1000000,15,12.27625,32000000,0.3836328125,48999055
copy,std::shared_ptr,1000000,15,61.550125,16000000,3.8468828125,48999055
move,std::shared_ptr,10000,15,0.399583,320000,1.248696875,489604
allocate,std::unique_ptr,1000000,15,7.810958,1000000,7.810958,48999055
move,ShrdPtr,100000,15,3.661167,3200000,1.1441146875,4899685
read,std::shared_ptr,1000,15,0.006,32000,0.1875,47995
array,std::unique_ptr,100000,15,1.234417,3200000,0.3857553125,4899685
allocate,std::unique_ptr,10000,15,0.066042,10000,6.6042,489604
array,ShrdPtr,1000,15,0.014417,32000,0.45053125,47995
lifecycle,std::shared_ptr,10000,15,0.311208,10000,31.1208,489604
move,std::shared_ptr,1000,15,0.02175,32000,0.6796875,47995
move,std::make_shared,1000000,15,33.019583,32000000,1.03186196875,48999055
move,std::shared_ptr,100000,15,2.832834,3200000,0.885260625,4899685
stack,Stack<std::unique_ptr>,10000,15,0.160625,10000,16.0625,489604
copy,ShrdPtr,10000,15,0.287292,160000,1.795575,489604
lifecycle,std::unique_ptr,1000000,15,13.2545,1000000,13.2545,48999055
stack,Stack<UnqPtr>,1000000,15,14.661167,1000000,14.661167,48999055
copy,std::make_shared,10000,15,0.422833,160000,2.64270625,489604
move,UnqPtr,100000,15,2.220375,3200000,0.6938671875,4899685
lifecycle,std::unique_ptr,100000,15,1.30675,100000,13.0675,4899685
allocate,std::shared_ptr,10000,15,0.116625,10000,11.6625,489604
move,std::unique_ptr,1000,15,0.015792,32000,0.4935,47995
lifecycle,UnqPtr,1000000,15,13.3335,1000000,13.3335,48999055
lifecycle,UnqPtr,10000,15,0.1355,10000,13.55,489604
allocate,std::make_shared,1000000,15,5.923375,1000000,5.923375,48999055
read,std::make_shared,10000,15,0.127,320000,0.396875,489604
copy,std::make_shared,100000,15,4.541709,1600000,2.838568125,4899685
copy,ShrdPtr,1000000,15,29.849958,16000000,1.865622375,48999055
allocate,ShrdPtr,100000,15,1.036875,100000,10.36875,4899685
stack,Stack<UnqPtr>,100000,15,1.33075,100000,13.3075,4899685
move,ShrdPtr,10000,15,0.269625,320000,0.842578125,489604
read,std::unique_ptr,1000,15,0.00475,32000,0.1484375,47995
allocate,ShrdPtr,1000,15,0.0105,1000,10.5,47995
allocate,std::shared_ptr,1000,15,0.010584,1000,10.584,47995
copy,std::make_shared,1000,15,0.0255,16000,1.59375,47995
allocate,UnqPtr,1000,15,0.005042,1000,5.042,47995
allocate,UnqPtr,100000,15,0.526125,100000,5.26125,4899685
allocate,std::unique_ptr,100000,15,0.526709,100000,5.26709,4899685
lifecycle,std::make_shared,10000,15,0.160292,10000,16.0292,489604
move,std::unique_ptr,1000000,15,18.368292,32000000,0.574009125,48999055
move,ShrdPtr,1000,15,0.020958,32000,0.6549375,47995
read,UnqPtr,1000000,15,11.329708,32000000,0.354053375,48999055
move,ShrdPtr,1000000,15,40.254709,32000000,1.25795965625,48999055
move,UnqPtr,1000000,15,19.518,32000000,0.6099375,48999055
allocate,UnqPtr,10000,15,0.065792,10000,6.5792,489604
allocate,std::unique_ptr,1000,15,0.005541,1000,5.541,47995
read,std::make_shared,1000000,15,33.569667,32000000,1.04905209375,48999055
read,std::shared_ptr,1000000,15,19.487959,32000000,0.60899871875,48999055
array,ShrdPtr,10000,15,0.122542,320000,0.38294375,489604
lifecycle,ShrdPtr,1000,15,0.023125,1000,23.125,47995
read,std::unique_ptr,10000,15,0.079208,320000,0.247525,489604
allocate,ShrdPtr,10000,15,0.119625,10000,11.9625,489604
array,std::unique_ptr,1000,15,0.013375,32000,0.41796875,47995
read,ShrdPtr,100000,15,1.019625,3200000,0.3186328125,4899685
array,ShrdPtr,1000000,15,22.967209,32000000,0.71772528125,48999055
read,std::shared_ptr,10000,15,0.10075,320000,0.31484375,489604
lifecycle,std::unique_ptr,10000,15,0.131541,10000,13.1541,489604
array,std::shared_ptr,1000,15,0.013916,32000,0.434875,47995
lifecycle,UnqPtr,1000,15,0.011958,1000,11.958,47995
lifecycle,ShrdPtr,100000,15,3.179542,100000,31.79542,4899685
allocate,UnqPtr,1000000,15,9.322334,1000000,9.322334,48999055
stack,Stack<std::unique_ptr>,1000000,15,18.942083,1000000,18.942083,48999055
move,UnqPtr,10000,15,0.223791,320000,0.699346875,489604
array,UnqPtr,1000000,15,13.621666,32000000,0.4256770625,48999055
array,UnqPtr,10000,15,0.296083,320000,0.925259375,489604
lifecycle,std::shared_ptr,1000,15,0.058041,1000,58.041,47995
move,UnqPtr,1000,15,0.052417,32000,1.63803125,47995
lifecycle,ShrdPtr,1000000,15,29.317625,1000000,29.317625,48999055
lifecycle,UnqPtr,100000,15,1.744333,100000,17.44333,4899685
copy,std::shared_ptr,100000,15,5.115625,1600000,3.197265625,4899685
read,std::make_shared,1000,15,0.005917,32000,0.18490625,47995
array,ShrdPtr,100000,15,1.88175,3200000,0.588046875,4899685
array,UnqPtr,100000,15,2.95325,3200000,0.922890625,4899685
lifecycle,std::make_shared,100000,15,3.329334,100000,33.29334,4899685
copy,std::shared_ptr,1000,15,0.036708,16000,2.29425,47995
lifecycle,std::unique_ptr,1000,15,0.025292,1000,25.292,47995
lifecycle,std::shared_ptr,1000000,15,37.099292,1000000,37.099292,48999055
allocate,std::make_shared,100000,15,0.642125,100000,6.42125,4899685
lifecycle,std::shared_ptr,100000,15,3.243625,100000,32.43625,4899685
move,std::unique_ptr,100000,15,2.034708,3200000,0.63584625,4899685
lifecycle,ShrdPtr,10000,15,0.285833,10000,28.5833,489604
read,std::unique_ptr,1000000,15,14.068916,32000000,0.439653625,48999055
allocate,std::make_shared,1000,16,0.009292,1000,9.292,47995
lifecycle,std::shared_ptr,1000000,16,36.269542,1000000,36.269542,48999055
read,std::make_shared,100000,16,1.743541,3200000,0.5448565625,4899685
read,std::make_shared,10000,16,0.165791,320000,0.518096875,489604
stack,Stack<std::unique_ptr>,10000,16,0.174625,10000,17.4625,489604
copy,std::shared_ptr,10000,16,0.518375,160000,3.23984375,489604
read,ShrdPtr,1000000,16,14.684667,32000000,0.45889584375,48999055
stack,Stack<std::unique_ptr>,100000,16,1.489084,100000,14.89084,4899685
allocate,UnqPtr,100000,16,0.617333,100000,6.17333,4899685
array,ShrdPtr,1000,16,0.015291,32000,0.47784375,47995
lifecycle,ShrdPtr,1000000,16,32.8265,1000000,32.8265,48999055
move,UnqPtr,100000,16,2.345708,3200000,0.73303375,4899685
lifecycle,std::unique_ptr,1000,16,0.015791,1000,15.791,47995
allocate,ShrdPtr,1000,16,0.0135,1000,13.5,47995
lifecycle,std::make_shared,1000000,16,19.872625,1000000,19.872625,48999055
lifecycle,ShrdPtr,100000,16,2.65425,100000,26.5425,4899685
lifecycle,UnqPtr,1000,16,0.01375,1000,13.75,47995
copy,ShrdPtr,100000,16,3.921041,1600000,2.450650625,4899685
move,std::unique_ptr,1000,16,0.051042,32000,1.5950625,47995
lifecycle,std::shared_ptr,100000,16,5.401666,100000,54.01666,4899685
allocate,std::unique_ptr,10000,16,0.055291,10000,5.5291,489604
allocate,ShrdPtr,10000,16,0.113541,10000,11.3541,489604
copy,std::make_shared,1000,16,0.050416,16000,3.151,47995
lifecycle,ShrdPtr,1000,16,0.047792,1000,47.792,47995
read,UnqPtr,1000000,16,17.246042,32000000,0.5389388125,48999055
lifecycle,UnqPtr,1000000,16,18.511917,1000000,18.511917,48999055
move,ShrdPtr,1000000,16,36.704375,32000000,1.14701171875,48999055
allocate,UnqPtr,1000000,16,7.976,1000000,7.976,48999055
stack,Stack<UnqPtr>,100000,16,1.474167,100000,14.74167,4899685
read,std::shared_ptr,1000,16,0.005875,32000,0.18359375,47995
move,std::make_shared,100000,16,2.962291,3200000,0.9257159375,4899685
move,UnqPtr,1000000,16,21.66525,32000000,0.6770390625,48999055
stack,Stack<std::unique_ptr>,1000000,16,21.081792,1000000,21.081792,48999055
move,std::unique_ptr,100000,16,3.424542,3200000,1.070169375,4899685
copy,std::shared_ptr,1000000,16,66.509792,16000000,4.156862,48999055
copy,std::make_shared,10000,16,0.433625,160000,2.71015625,489604
array,std::unique_ptr,1000,16,0.013292,32000,0.415375,47995
stack,Stack<UnqPtr>,1000,16,0.013,1000,13,47995
move,UnqPtr,1000,16,0.015458,32000,0.4830625,47995
array,ShrdPtr,1000000,16,14.151417,32000000,0.44223178125,48999055
move,std::unique_ptr,10000,16,0.187459,320000,0.585809375,489604
lifecycle,UnqPtr,100000,16,1.355458,100000,13.55458,4899685
stack,Stack<UnqPtr>,1000000,16,14.945375,1000000,14.945375,48999055
copy,ShrdPtr,10000,16,0.172125,160000,1.07578125,489604
stack,Stack<std::unique_ptr>,1000,16,0.013708,1000,13.708,47995
lifecycle,std::unique_ptr,100000,16,1.837709,100000,18.37709,4899685
lifecycle,std::make_shared,10000,16,0.230334,10000,23.0334,489604
allocate,UnqPtr,10000,16,0.104792,10000,10.4792,489604
array,std::shared_ptr,1000000,16,14.148083,32000000,0.44212759375,48999055
move,std::shared_ptr,10000,16,0.283667,320000,0.886459375,489604
allocate,std::shared_ptr,100000,16,1.199417,100000,11.99417,4899685
allocate,std::make_shared,1000000,16,5.999833,1000000,5.999833,48999055
array,UnqPtr,1000,16,0.013625,32000,0.42578125,47995
allocate,ShrdPtr,1000000,16,12.014708,1000000,12.014708,48999055
allocate,UnqPtr,1000,16,0.006666,1000,6.666,47995
copy,std::make_shared,100000,16,4.886708,1600000,3.0541925,4899685
array,ShrdPtr,10000,16,0.120209,320000,0.375653125,489604
copy,std::make_shared,1000000,16,70.536583,16000000,4.4085364375,48999055
move,std::make_shared,10000,16,0.288792,320000,0.902475,489604
move,std::shared_ptr,1000,16,0.020917,32000,0.65365625,47995
copy,std::shared_ptr,100000,16,4.95925,1600000,3.09953125,4899685
lifecycle,UnqPtr,10000,16,0.154041,10000,15.4041,489604
allocate,std::shared_ptr,1000,16,0.014083,1000,14.083,47995
read,std::shared_ptr,1000000,16,21.199333,32000000,0.66247915625,48999055
allocate,ShrdPtr,100000,16,1.549833,100000,15.49833,4899685
move,UnqPtr,10000,16,0.192209,320000,0.600653125,489604
array,std::shared_ptr,10000,16,0.120334,320000,0.37604375,489604
move,ShrdPtr,10000,16,0.2915,320000,0.9109375,489604
array,ShrdPtr,100000,16,1.216792,3200000,0.3802475,4899685
allocate,std::shared_ptr,1000000,16,12.722625,1000000,12.722625,48999055
read,ShrdPtr,100000,16,1.335959,3200000,0.4174871875,4899685
move,ShrdPtr,1000,16,0.025709,32000,0.80340625,47995
copy,ShrdPtr,1000000,16,35.112833,16000000,2.1945520625,48999055
read,std::unique_ptr,100000,16,0.782917,3200000,0.2446615625,4899685
lifecycle,std::make_shared,100000,16,1.937916,100000,19.37916,4899685
lifecycle,std::shared_ptr,10000,16,0.387416,10000,38.7416,489604
allocate,std::make_shared,100000,16,0.702375,100000,7.02375,4899685
array,std::shared_ptr,1000,16,0.017584,32000,0.5495,47995
move,std::make_shared,1000000,16,35.465584,32000000,1.1082995,48999055
read,ShrdPtr,10000,16,0.233458,320000,0.72955625,489604
lifecycle,std::unique_ptr,1000000,16,18.784125,1000000,18.784125,48999055
read,std::unique_ptr,1000,16,0.006792,32000,0.21225,47995
stack,Stack<UnqPtr>,10000,16,0.185625,10000,18.5625,489604
array,std::shared_ptr,100000,16,1.620541,3200000,0.5064190625,4899685
move,ShrdPtr,100000,16,3.661916,3200000,1.14434875,4899685
array,UnqPtr,1000000,16,17.817208,32000000,0.55678775,48999055
read,UnqPtr,10000,16,0.082333,320000,0.257290625,489604
allocate,std::unique_ptr,100000,16,0.572625,100000,5.72625,4899685
array,std::unique_ptr,1000000,16,13.073583,32000000,0.40854946875,48999055
lifecycle,std::make_shared,1000,16,0.036125,1000,36.125,47995
allocate,std::make_shared,10000,16,0.06325,10000,6.325,489604
lifecycle,std::unique_ptr,10000,16,0.147458,10000,14.7458,489604
array,std::unique_ptr,10000,16,0.133083,320000,0.415884375,489604
lifecycle,std::shared_ptr,1000,16,0.031292,1000,31.292,47995
copy,std::shared_ptr,1000,16,0.029959,16000,1.8724375,47995
copy,ShrdPtr,1000,16,0.015042,16000,0.940125,47995
read,std::shared_ptr,10000,16,0.114166,320000,0.35676875,489604
read,std::unique_ptr,1000000,16,14.082792,32000000,0.44008725,48999055
move,std::shared_ptr,100000,16,2.890417,3200000,0.9032553125,4899685
allocate,std::unique_ptr,1000,16,0.007167,1000,7.167,47995
read,std::make_shared,1000,16,0.006708,32000,0.209625,47995
lifecycle,ShrdPtr,10000,16,0.298666,10000,29.8666,489604
read,std::unique_ptr,10000,16,0.098333,320000,0.307290625,489604
read,ShrdPtr,1000,16,0.006875,32000,0.21484375,47995
move,std::make_shared,1000,16,0.025,32000,0.78125,47995
read,std::make_shared,1000000,16,35.779417,32000000,1.11810678125,48999055
array,std::unique_ptr,100000,16,1.272584,3200000,0.3976825,4899685
move,std::unique_ptr,1000000,16,21.341333,32000000,0.66691665625,48999055
read,std::shared_ptr,100000,16,1.2205,3200000,0.38140625,4899685
array,UnqPtr,100000,16,1.361583,3200000,0.4254946875,4899685
read,UnqPtr,1000,16,0.005,32000,0.15625,47995
read,UnqPtr,100000,16,0.835125,3200000,0.2609765625,4899685
move,std::shared_ptr,1000000,16,34.435625,32000000,1.07611328125,48999055
allocate,std::unique_ptr,1000000,16,7.00525,1000000,7.00525,48999055
allocate,std::shared_ptr,10000,16,0.125708,10000,12.5708,489604
array,UnqPtr,10000,16,0.127792,320000,0.39935,489604
allocate,std::shared_ptr,1000000,17,11.87325,1000000,11.87325,48999055
array,ShrdPtr,100000,17,1.232916,3200000,0.38528625,4899685
lifecycle,std::make_shared,1000000,17,19.113666,1000000,19.113666,48999055
stack,Stack<std::unique_ptr>,1000,17,0.0155,1000,15.5,47995
copy,std::shared_ptr,100000,17,5.14225,1600000,3.21390625,4899685
read,std::shared_ptr,10000,17,0.102125,320000,0.319140625,489604
array,ShrdPtr,1000,17,0.014625,32000,0.45703125,47995
read,ShrdPtr,1000000,17,14.780666,32000000,0.4618958125,48999055
move,std::shared_ptr,1000,17,0.024458,32000,0.7643125,47995
lifecycle,std::make_shared,100000,17,2.1765,100000,21.765,4899685
lifecycle,std::shared_ptr,1000000,17,36.200209,1000000,36.200209,48999055
allocate,std::make_shared,1000000,17,7.952292,1000000,7.952292,48999055
copy,ShrdPtr,1000000,17,28.777541,16000000,1.7985963125,48999055
lifecycle,std::shared_ptr,100000,17,5.71825,100000,57.1825,4899685
array,std::unique_ptr,10000,17,0.278,320000,0.86875,489604
read,std::unique_ptr,1000,17,0.009667,32000,0.30209375,47995
lifecycle,ShrdPtr,1000000,17,33.29025,1000000,33.29025,48999055
array,std::unique_ptr,100000,17,1.488,3200000,0.465,4899685
allocate,std::shared_ptr,100000,17,1.346458,100000,13.46458,4899685
move,ShrdPtr,100000,17,2.973542,3200000,0.929231875,4899685
copy,std::shared_ptr,10000,17,0.464125,160000,2.90078125,489604
copy,std::make_shared,10000,17,0.462291,160000,2.88931875,489604
move,std::make_shared,1000000,17,37.605375,32000000,1.17516796875,48999055
move,ShrdPtr,1000,17,0.024,32000,0.75,47995
allocate,ShrdPtr,10000,17,0.116875,10000,11.6875,489604
lifecycle,std::shared_ptr,10000,17,0.286959,10000,28.6959,489604
copy,std::make_shared,1000,17,0.026375,16000,1.6484375,47995
move,std::unique_ptr,10000,17,0.187333,320000,0.585415625,489604
read,std::shared_ptr,1000000,17,21.152959,32000000,0.66102996875,48999055
allocate,std::unique_ptr,1000,17,0.012042,1000,12.042,47995
lifecycle,std::unique_ptr,1000000,17,18.449709,1000000,18.449709,48999055
move,UnqPtr,1000000,17,22.75125,32000000,0.7109765625,48999055
allocate,ShrdPtr,1000,17,0.011459,1000,11.459,47995
allocate,std::shared_ptr,10000,17,0.129417,10000,12.9417,489604
copy,ShrdPtr,10000,17,0.171333,160000,1.07083125,489604
lifecycle,std::make_shared,10000,17,0.170208,10000,17.0208,489604
stack,Stack<UnqPtr>,1000000,17,17.61475,1000000,17.61475,48999055
array,std::unique_ptr,1000000,17,16.104208,32000000,0.5032565,48999055
array,std::shared_ptr,1000,17,0.033542,32000,1.0481875,47995
lifecycle,std::unique_ptr,10000,17,0.281958,10000,28.1958,489604
allocate,UnqPtr,10000,17,0.114125,10000,11.4125,489604
move,ShrdPtr,1000000,17,47.8385,32000000,1.494953125,48999055
move,std::make_shared,1000,17,0.068042,32000,2.1263125,47995
move,std::make_shared,10000,17,0.71025,320000,2.21953125,489604
lifecycle,UnqPtr,100000,17,2.479666,100000,24.79666,4899685
copy,ShrdPtr,1000,17,0.026917,16000,1.6823125,47995
lifecycle,UnqPtr,10000,17,0.27075,10000,27.075,489604
array,UnqPtr,10000,17,0.281125,320000,0.878515625,489604
stack,Stack<UnqPtr>,1000,17,0.028958,1000,28.958,47995
read,std::unique_ptr,10000,17,0.076083,320000,0.237759375,489604
array,std::unique_ptr,1000,17,0.014792,32000,0.46225,47995
lifecycle,ShrdPtr,10000,17,0.282042,10000,28.2042,489604
lifecycle,std::unique_ptr,1000,17,0.014834,1000,14.834,47995
read,std::make_shared,1000,17,0.005958,32000,0.1861875,47995
read,std::shared_ptr,100000,17,1.050125,3200000,0.3281640625,4899685
allocate,std::make_shared,10000,17,0.070166,10000,7.0166,489604
read,ShrdPtr,10000,17,0.128125,320000,0.400390625,489604
allocate,std::unique_ptr,10000,17,0.069792,10000,6.9792,489604
move,UnqPtr,10000,17,0.227833,320000,0.711978125,489604
read,std::make_shared,1000000,17,40.619375,32000000,1.26935546875,48999055
copy,std::shared_ptr,1000000,17,61.527459,16000000,3.8454661875,48999055
read,ShrdPtr,100000,17,1.189625,3200000,0.3717578125,4899685
lifecycle,std::shared_ptr,1000,17,0.028125,1000,28.125,47995
allocate,std::unique_ptr,1000000,17,6.055209,1000000,6.055209,48999055
allocate,UnqPtr,1000000,17,6.229166,1000000,6.229166,48999055
allocate,std::make_shared,1000,17,0.022542,1000,22.542,47995
allocate,std::shared_ptr,1000,17,0.012042,1000,12.042,47995
array,UnqPtr,1000,17,0.013375,32000,0.41796875,47995
lifecycle,ShrdPtr,100000,17,2.897875,100000,28.97875,4899685
read,ShrdPtr,1000,17,0.007583,32000,0.23696875,47995
move,UnqPtr,1000,17,0.021292,32000,0.665375,47995
allocate,ShrdPtr,100000,17,1.44325,100000,14.4325,4899685
copy,std::make_shared,1000000,17,51.778833,16000000,3.2361770625,48999055
read,std::unique_ptr,100000,17,1.03325,3200000,0.322890625,4899685
move,std::make_shared,100000,17,6.208667,3200000,1.9402084375,4899685
lifecycle,UnqPtr,1000,17,0.0185,1000,18.5,47995
read,UnqPtr,1000000,17,13.489458,32000000,0.4215455625,48999055
array,ShrdPtr,10000,17,0.181542,320000,0.56731875,489604
move,std::unique_ptr,1000,17,0.02375,32000,0.7421875,47995
allocate,std::unique_ptr,100000,17,0.714833,100000,7.14833,4899685
allocate,std::make_shared,100000,17,0.584542,100000,5.84542,4899685
array,std::shared_ptr,100000,17,1.178917,3200000,0.3684115625,4899685
lifecycle,ShrdPtr,1000,17,0.023,1000,23,47995
stack,Stack<std::unique_ptr>,1000000,17,17.477125,1000000,17.477125,48999055
read,std::unique_ptr,1000000,17,20.572041,32000000,0.64287628125,48999055
stack,Stack<std::unique_ptr>,100000,17,1.833834,100000,18.33834,4899685
allocate,UnqPtr,100000,17,1.108458,100000,11.08458,4899685
read,UnqPtr,10000,17,0.08425,320000,0.26328125,489604
allocate,UnqPtr,1000,17,0.006,1000,6,47995
read,std::make_shared,10000,17,0.136875,320000,0.427734375,489604
move,std::unique_ptr,100000,17,2.130917,3200000,0.6659115625,4899685
read,std::shared_ptr,1000,17,0.006667,32000,0.20834375,47995
move,UnqPtr,100000,17,2.121583,3200000,0.6629946875,4899685
move,ShrdPtr,10000,17,0.322208,320000,1.0069,489604
copy,ShrdPtr,100000,17,3.109833,1600000,1.943645625,4899685
array,std::shared_ptr,1000000,17,13.292625,32000000,0.41539453125,48999055
move,std::unique_ptr,1000000,17,28.468833,32000000,0.88965103125,48999055
lifecycle,std::make_shared,1000,17,0.020958,1000,20.958,47995
lifecycle,UnqPtr,1000000,17,15.213208,1000000,15.213208,48999055
lifecycle,std::unique_ptr,100000,17,1.533208,100000,15.33208,4899685
array,UnqPtr,100000,17,1.357875,3200000,0.4243359375,4899685
stack,Stack<UnqPtr>,100000,17,1.549958,100000,15.49958,4899685
array,UnqPtr,1000000,17,13.481417,32000000,0.42129428125,48999055
read,std::make_shared,100000,17,1.695958,3200000,0.529986875,4899685
stack,Stack<UnqPtr>,10000,17,0.173708,10000,17.3708,489604
allocate,ShrdPtr,1000000,17,13.705041,1000000,13.705041,48999055
move,std::shared_ptr,100000,17,4.573,3200000,1.4290625,4899685
array,ShrdPtr,1000000,17,14.617917,32000000,0.45680990625,48999055
stack,Stack<std::unique_ptr>,10000,17,0.177292,10000,17.7292,489604
read,UnqPtr,100000,17,0.836834,3200000,0.261510625,4899685
read,UnqPtr,1000,17,0.005167,32000,0.16146875,47995
array,std::shared_ptr,10000,17,0.129792,320000,0.4056,489604
copy,std::shared_ptr,1000,17,0.028584,16000,1.7865,47995
copy,std::make_shared,100000,17,5.046167,1600000,3.153854375,4899685
move,std::shared_ptr,10000,17,0.631292,320000,1.9727875,489604
move,std::shared_ptr,1000000,17,34.579,32000000,1.08059375,48999055
allocate,std::shared_ptr,1000000,18,13.550125,1000000,13.550125,48999055
lifecycle,std::unique_ptr,100000,18,1.456875,100000,14.56875,4899685
move,std::unique_ptr,1000,18,0.017291,32000,0.54034375,47995
allocate,std::unique_ptr,1000,18,0.006291,1000,6.291,47995
array,ShrdPtr,1000,18,0.014959,32000,0.46746875,47995
copy,ShrdPtr,1000,18,0.014958,16000,0.934875,47995
move,std::unique_ptr,1000000,18,23.391958,32000000,0.7309986875,48999055
read,std::unique_ptr,10000,18,0.081042,320000,0.25325625,489604
move,std::unique_ptr,10000,18,0.190541,320000,0.595440625,489604
lifecycle,std::unique_ptr,1000,18,0.014166,1000,14.166,47995
lifecycle,std::make_shared,100000,18,1.802334,100000,18.02334,4899685
allocate,UnqPtr,1000000,18,7.074875,1000000,7.074875,48999055
read,std::make_shared,10000,18,0.127375,320000,0.398046875,489604
move,ShrdPtr,1000,18,0.025541,32000,0.79815625,47995
array,std::shared_ptr,1000000,18,15.14875,32000000,0.4733984375,48999055
lifecycle,std::make_shared,1000,18,0.025333,1000,25.333,47995
read,std::unique_ptr,100000,18,0.694875,3200000,0.2171484375,4899685
read,std::unique_ptr,1000,18,0.004875,32000,0.15234375,47995
read,std::make_shared,1000,18,0.005792,32000,0.181,47995
read,UnqPtr,10000,18,0.079416,320000,0.248175,489604
read,ShrdPtr,100000,18,0.923084,3200000,0.28846375,4899685
stack,Stack<UnqPtr>,100000,18,2.074209,100000,20.74209,4899685
read,ShrdPtr,10000,18,0.147208,320000,0.460025,489604
move,std::make_shared,100000,18,2.841542,3200000,0.887981875,4899685
move,std::shared_ptr,100000,18,4.731542,3200000,1.478606875,4899685
lifecycle,ShrdPtr,100000,18,2.571625,100000,25.71625,4899685
copy,std::make_shared,1000,18,0.028584,16000,1.7865,47995
move,UnqPtr,1000000,18,21.625,32000000,0.67578125,48999055
array,UnqPtr,1000000,18,12.481958,32000000,0.3900611875,48999055
array,UnqPtr,100000,18,1.402167,3200000,0.4381771875,4899685
read,std::make_shared,100000,18,1.498042,3200000,0.468138125,4899685
move,std::shared_ptr,1000,18,0.023417,32000,0.73178125,47995
copy,std::shared_ptr,10000,18,0.429167,160000,2.68229375,489604
read,std::unique_ptr,1000000,18,14.209041,32000000,0.44403253125,48999055
move,std::make_shared,10000,18,0.317292,320000,0.9915375,489604
lifecycle,std::shared_ptr,1000,18,0.03075,1000,30.75,47995
allocate,UnqPtr,1000,18,0.006208,1000,6.208,47995
read,std::shared_ptr,1000,18,0.006125,32000,0.19140625,47995
copy,ShrdPtr,10000,18,0.28525,160000,1.7828125,489604
allocate,ShrdPtr,1000,18,0.012416,1000,12.416,47995
move,ShrdPtr,100000,18,3.16325,3200000,0.988515625,4899685
move,std::make_shared,1000000,18,32.512667,32000000,1.01602084375,48999055
stack,Stack<UnqPtr>,1000,18,0.014125,1000,14.125,47995
copy,ShrdPtr,100000,18,3.25375,1600000,2.03359375,4899685
copy,std::make_shared,100000,18,4.746292,1600000,2.9664325,4899685
lifecycle,ShrdPtr,10000,18,0.264291,10000,26.4291,489604
move,UnqPtr,10000,18,0.179791,320000,0.561846875,489604
copy,std::make_shared,1000000,18,54.528917,16000000,3.4080573125,48999055
lifecycle,std::shared_ptr,10000,18,0.308792,10000,30.8792,489604
allocate,std::make_shared,1000,18,0.020791,1000,20.791,47995
move,std::make_shared,1000,18,0.020417,32000,0.63803125,47995
stack,Stack<std::unique_ptr>,1000000,18,20.709083,1000000,20.709083,48999055
allocate,std::unique_ptr,1000000,18,6.734417,1000000,6.734417,48999055
move,ShrdPtr,1000000,18,38.773917,32000000,1.21168490625,48999055
move,UnqPtr,100000,18,1.871875,3200000,0.5849609375,4899685
copy,std::make_shared,10000,18,0.427417,160000,2.67135625,489604
allocate,std::shared_ptr,10000,18,0.2435,10000,24.35,489604
array,UnqPtr,10000,18,0.286875,320000,0.896484375,489604
lifecycle,ShrdPtr,1000000,18,35.227291,1000000,35.227291,48999055
array,std::unique_ptr,1000000,18,16.615833,32000000,0.51924478125,48999055
allocate,ShrdPtr,1000000,18,14.487667,1000000,14.487667,48999055
array,std::unique_ptr,10000,18,0.120959,320000,0.377996875,489604
allocate,std::shared_ptr,1000,18,0.012291,1000,12.291,47995
stack,Stack<std::unique_ptr>,100000,18,1.682708,100000,16.82708,4899685
copy,std::shared_ptr,1000,18,0.029541,16000,1.8463125,47995
read,UnqPtr,100000,18,0.877,3200000,0.2740625,4899685
allocate,UnqPtr,100000,18,0.645375,100000,6.45375,4899685
allocate,std::shared_ptr,100000,18,1.275375,100000,12.75375,4899685
array,ShrdPtr,1000000,18,13.742292,32000000,0.429446625,48999055
array,ShrdPtr,10000,18,0.135625,320000,0.423828125,489604
read,std::shared_ptr,10000,18,0.138375,320000,0.432421875,489604
lifecycle,UnqPtr,100000,18,1.485417,100000,14.85417,4899685
stack,Stack<std::unique_ptr>,1000,18,0.015209,1000,15.209,47995
move,std::shared_ptr,10000,18,0.346792,320000,1.083725,489604
copy,std::shared_ptr,1000000,18,62.039833,16000000,3.8774895625,48999055
allocate,ShrdPtr,10000,18,0.133042,10000,13.3042,489604
array,UnqPtr,1000,18,0.015083,32000,0.47134375,47995
allocate,UnqPtr,10000,18,0.061667,10000,6.1667,489604
stack,Stack<UnqPtr>,10000,18,0.186791,10000,18.6791,489604
stack,Stack<UnqPtr>,1000000,18,15.562208,1000000,15.562208,48999055
allocate,std::make_shared,100000,18,0.651208,100000,6.51208,4899685
allocate,std::make_shared,1000000,18,6.431708,1000000,6.431708,48999055
array,std::shared_ptr,10000,18,0.142625,320000,0.445703125,489604
allocate,std::unique_ptr,10000,18,0.069291,10000,6.9291,489604
lifecycle,ShrdPtr,1000,18,0.027167,1000,27.167,47995
allocate,ShrdPtr,100000,18,1.326542,100000,13.26542,4899685
allocate,std::unique_ptr,100000,18,0.617459,100000,6.17459,4899685
read,ShrdPtr,1000,18,0.006208,32000,0.194,47995
lifecycle,UnqPtr,1000,18,0.013708,1000,13.708,47995
lifecycle,UnqPtr,1000000,18,16.592334,1000000,16.592334,48999055
read,std::make_shared,1000000,18,25.874917,32000000,0.80859115625,48999055
read,std::shared_ptr,100000,18,1.080833,3200000,0.3377603125,4899685
move,std::shared_ptr,1000000,18,30.637667,32000000,0.95742709375,48999055
array,ShrdPtr,100000,18,1.17175,3200000,0.366171875,4899685
array,std::unique_ptr,100000,18,1.175333,3200000,0.3672915625,4899685
stack,Stack<std::unique_ptr>,10000,18,0.15925,10000,15.925,489604
read,UnqPtr,1000000,18,11.932209,32000000,0.37288153125,48999055
array,std::shared_ptr,1000,18,0.014625,32000,0.45703125,47995
lifecycle,std::unique_ptr,10000,18,0.140958,10000,14.0958,489604
lifecycle,UnqPtr,10000,18,0.132958,10000,13.2958,489604
move,UnqPtr,1000,18,0.015625,32000,0.48828125,47995
move,std::unique_ptr,100000,18,1.947375,3200000,0.6085546875,4899685
lifecycle,std::shared_ptr,1000000,18,31.530416,1000000,31.530416,48999055
read,ShrdPtr,1000000,18,15.581084,32000000,0.486908875,48999055
copy,ShrdPtr,1000000,18,35.709292,16000000,2.23183075,48999055
array,std::unique_ptr,1000,18,0.021875,32000,0.68359375,47995
copy,std::shared_ptr,100000,18,5.083125,1600000,3.176953125,4899685
lifecycle,std::make_shared,10000,18,0.206292,10000,20.6292,489604
array,std::shared_ptr,100000,18,1.179792,3200000,0.368685,4899685
lifecycle,std::unique_ptr,1000000,18,14.696292,1000000,14.696292,48999055
allocate,std::make_shared,10000,18,0.071583,10000,7.1583,489604
lifecycle,std::shared_ptr,100000,18,3.369458,100000,33.69458,4899685
read,UnqPtr,1000,18,0.006,32000,0.1875,47995
lifecycle,std::make_shared,1000000,18,19.842209,1000000,19.842209,48999055
move,ShrdPtr,10000,18,0.340792,320000,1.064975,489604
read,std::shared_ptr,1000000,18,17.62425,32000000,0.5507578125,48999055
lifecycle,ShrdPtr,1000000,19,29.097167,1000000,29.097167,48999055
lifecycle,std::unique_ptr,1000,19,0.012792,1000,12.792,47995
copy,std::shared_ptr,10000,19,0.427167,160000,2.66979375,489604
allocate,std::shared_ptr,10000,19,0.11925,10000,11.925,489604
lifecycle,ShrdPtr,1000,19,0.022833,1000,22.833,47995
allocate,std::make_shared,1000000,19,6.034083,1000000,6.034083,48999055
move,std::unique_ptr,1000,19,0.017834,32000,0.5573125,47995
read,UnqPtr,100000,19,0.807708,3200000,0.25240875,4899685
array,ShrdPtr,1000,19,0.014667,32000,0.45834375,47995
move,std::shared_ptr,100000,19,3.063667,3200000,0.9573959375,4899685
allocate,ShrdPtr,1000,19,0.012083,1000,12.083,47995
allocate,std::shared_ptr,100000,19,1.205083,100000,12.05083,4899685
read,std::shared_ptr,10000,19,0.117667,320000,0.367709375,489604
lifecycle,std::unique_ptr,1000000,19,15.164542,1000000,15.164542,48999055
read,std::make_shared,1000,19,0.005916,32000,0.184875,47995
copy,ShrdPtr,1000000,19,39.16975,16000000,2.448109375,48999055
move,std::unique_ptr,10000,19,0.223125,320000,0.697265625,489604
stack,Stack<std::unique_ptr>,10000,19,0.166834,10000,16.6834,489604
copy,std::shared_ptr,100000,19,5.269333,1600000,3.293333125,4899685
move,std::make_shared,100000,19,3.198125,3200000,0.9994140625,4899685
allocate,UnqPtr,1000000,19,6.521958,1000000,6.521958,48999055
read,std::make_shared,10000,19,0.140916,320000,0.4403625,489604
allocate,std::make_shared,1000,19,0.00675,1000,6.75,47995
copy,std::make_shared,1000,19,0.030667,16000,1.9166875,47995
allocate,std::shared_ptr,1000000,19,12.946083,1000000,12.946083,48999055
lifecycle,std::shared_ptr,100000,19,3.511417,100000,35.11417,4899685
move,ShrdPtr,1000,19,0.024458,32000,0.7643125,47995
lifecycle,std::shared_ptr,1000000,19,35.153917,1000000,35.153917,48999055
read,std::unique_ptr,1000,19,0.004875,32000,0.15234375,47995
copy,ShrdPtr,1000,19,0.013875,16000,0.8671875,47995
copy,std::make_shared,100000,19,4.684208,1600000,2.92763,4899685
array,ShrdPtr,1000000,19,18.749708,32000000,0.585928375,48999055
array,ShrdPtr,10000,19,0.121334,320000,0.37916875,489604
lifecycle,UnqPtr,1000000,19,13.708375,1000000,13.708375,48999055
array,std::unique_ptr,100000,19,1.174708,3200000,0.36709625,4899685
move,std::shared_ptr,1000,19,0.020416,32000,0.638,47995
allocate,ShrdPtr,1000000,19,11.584084,1000000,11.584084,48999055
stack,Stack<std::unique_ptr>,100000,19,1.492792,100000,14.92792,4899685
allocate,ShrdPtr,100000,19,1.126666,100000,11.26666,4899685
read,std::make_shared,100000,19,1.605,3200000,0.5015625,4899685
allocate,UnqPtr,10000,19,0.068625,10000,6.8625,489604
move,std::unique_ptr,100000,19,2.0055,3200000,0.62671875,4899685
array,std::unique_ptr,10000,19,0.323417,320000,1.010678125,489604
stack,Stack<UnqPtr>,1000000,19,16.041,1000000,16.041,48999055
read,std::shared_ptr,1000,19,0.006167,32000,0.19271875,47995
array,UnqPtr,10000,19,0.171459,320000,0.535809375,489604
copy,std::make_shared,10000,19,0.5235,160000,3.271875,489604
read,std::unique_ptr,1000000,19,15.955458,32000000,0.4986080625,48999055
lifecycle,std::shared_ptr,10000,19,0.309458,10000,30.9458,489604
allocate,UnqPtr,1000,19,0.005209,1000,5.209,47995
stack,Stack<std::unique_ptr>,1000000,19,17.77925,1000000,17.77925,48999055
read,std::make_shared,1000000,19,33.12325,32000000,1.0351015625,48999055
read,ShrdPtr,1000000,19,13.791834,32000000,0.4309948125,48999055
lifecycle,UnqPtr,10000,19,0.158375,10000,15.8375,489604
lifecycle,ShrdPtr,100000,19,2.941958,100000,29.41958,4899685
move,UnqPtr,1000,19,0.017583,32000,0.54946875,47995
copy,std::shared_ptr,1000,19,0.030166,16000,1.885375,47995
array,UnqPtr,1000000,19,12.394542,32000000,0.3873294375,48999055
lifecycle,std::make_shared,100000,19,2.162,100000,21.62,4899685
move,std::make_shared,1000000,19,29.686042,32000000,0.9276888125,48999055
array,std::unique_ptr,1000000,19,12.276334,32000000,0.3836354375,48999055
array,std::shared_ptr,1000000,19,13.303042,32000000,0.4157200625,48999055
allocate,std::shared_ptr,1000,19,0.011917,1000,11.917,47995
move,ShrdPtr,10000,19,0.28325,320000,0.88515625,489604
lifecycle,UnqPtr,1000,19,0.013083,1000,13.083,47995
stack,Stack<UnqPtr>,10000,19,0.137042,10000,13.7042,489604
array,std::shared_ptr,100000,19,1.18125,3200000,0.369140625,4899685
lifecycle,ShrdPtr,10000,19,0.246083,10000,24.6083,489604
copy,ShrdPtr,100000,19,2.122959,1600000,1.326849375,4899685
lifecycle,std::make_shared,1000000,19,17.592709,1000000,17.592709,48999055
allocate,std::make_shared,10000,19,0.073,10000,7.3,489604
move,UnqPtr,1000000,19,19.301542,32000000,0.6031731875,48999055
array,std::unique_ptr,1000,19,0.013375,32000,0.41796875,47995
allocate,std::make_shared,100000,19,0.570958,100000,5.70958,4899685
lifecycle,std::shared_ptr,1000,19,0.029625,1000,29.625,47995
read,UnqPtr,1000000,19,12.284084,32000000,0.383877625,48999055
move,UnqPtr,10000,19,0.201042,320000,0.62825625,489604
allocate,ShrdPtr,10000,19,0.110583,10000,11.0583,489604
read,std::shared_ptr,100000,19,1.021375,3200000,0.3191796875,4899685
lifecycle,std::unique_ptr,10000,19,0.154292,10000,15.4292,489604
copy,std::shared_ptr,1000000,19,46.882083,16000000,2.9301301875,48999055
read,UnqPtr,10000,19,0.079417,320000,0.248178125,489604
move,std::make_shared,1000,19,0.024458,32000,0.7643125,47995
allocate,std::unique_ptr,100000,19,0.547791,100000,5.47791,4899685
read,ShrdPtr,10000,19,0.101417,320000,0.316928125,489604
allocate,std::unique_ptr,1000000,19,5.433708,1000000,5.433708,48999055
move,std::unique_ptr,1000000,19,20.571709,32000000,0.64286590625,48999055
move,UnqPtr,100000,19,2.562708,3200000,0.80084625,4899685
allocate,UnqPtr,100000,19,0.709958,100000,7.09958,4899685
read,std::shared_ptr,1000000,19,16.037583,32000000,0.50117446875,48999055
read,ShrdPtr,100000,19,1.092375,3200000,0.3413671875,4899685
lifecycle,std::make_shared,10000,19,0.186791,10000,18.6791,489604
allocate,std::unique_ptr,1000,19,0.006,1000,6,47995
stack,Stack<UnqPtr>,100000,19,1.476416,100000,14.76416,4899685
array,std::shared_ptr,1000,19,0.015625,32000,0.48828125,47995
copy,std::make_shared,1000000,19,51.973625,16000000,3.2483515625,48999055
stack,Stack<UnqPtr>,1000,19,0.014042,1000,14.042,47995
stack,Stack<std::unique_ptr>,1000,19,0.013792,1000,13.792,47995
move,std::shared_ptr,1000000,19,31.461833,32000000,0.98318228125,48999055
array,UnqPtr,1000,19,0.016125,32000,0.50390625,47995
lifecycle,std::make_shared,1000,19,0.037458,1000,37.458,47995
array,ShrdPtr,100000,19,1.342875,3200000,0.4196484375,4899685
move,ShrdPtr,100000,19,3.151666,3200000,0.984895625,4899685
move,ShrdPtr,1000000,19,35.366292,32000000,1.105196625,48999055
lifecycle,std::unique_ptr,100000,19,1.657833,100000,16.57833,4899685
read,ShrdPtr,1000,19,0.006042,32000,0.1888125,47995
allocate,std::unique_ptr,10000,19,0.058166,10000,5.8166,489604
read,UnqPtr,1000,19,0.004959,32000,0.15496875,47995
read,std::unique_ptr,100000,19,0.847334,3200000,0.264791875,4899685
array,std::shared_ptr,10000,19,0.121458,320000,0.37955625,489604
move,std::shared_ptr,10000,19,0.291458,320000,0.91080625,489604
lifecycle,UnqPtr,100000,19,1.395792,100000,13.95792,4899685
array,UnqPtr,100000,19,1.48925,3200000,0.465390625,4899685
move,std::make_shared,10000,19,0.363042,320000,1.13450625,489604
copy,ShrdPtr,10000,19,0.328959,160000,2.05599375,489604
read,std::unique_ptr,10000,19,0.10325,320000,0.32265625,489604
move,UnqPtr,1000,20,0.019542,32000,0.6106875,47995
read,std::shared_ptr,1000000,20,19.131625,32000000,0.59786328125,48999055
move,std::unique_ptr,1000000,20,21.783625,32000000,0.68073828125,48999055
lifecycle,std::unique_ptr,10000,20,0.1445,10000,14.45,489604
lifecycle,std::unique_ptr,100000,20,1.287167,100000,12.87167,4899685
array,ShrdPtr,10000,20,0.117791,320000,0.368096875,489604
allocate,std::make_shared,1000000,20,6.805792,1000000,6.805792,48999055
move,std::shared_ptr,1000,20,0.020291,32000,0.63409375,47995
lifecycle,UnqPtr,100000,20,1.306708,100000,13.06708,4899685
copy,ShrdPtr,1000,20,0.012375,16000,0.7734375,47995
stack,Stack<UnqPtr>,1000,20,0.012166,1000,12.166,47995
copy,std::make_shared,100000,20,5.24625,1600000,3.27890625,4899685
allocate,std::shared_ptr,100000,20,1.135458,100000,11.35458,4899685
copy,std::make_shared,1000000,20,48.055125,16000000,3.0034453125,48999055
array,std::shared_ptr,1000,20,0.014042,32000,0.4388125,47995
read,UnqPtr,100000,20,0.81325,3200000,0.254140625,4899685
copy,std::make_shared,10000,20,0.423292,160000,2.645575,489604
move,std::unique_ptr,1000,20,0.015541,32000,0.48565625,47995
lifecycle,ShrdPtr,1000000,20,29.345667,1000000,29.345667,48999055
lifecycle,std::make_shared,1000,20,0.017167,1000,17.167,47995
array,UnqPtr,10000,20,0.117833,320000,0.368228125,489604
read,std::make_shared,100000,20,1.547208,3200000,0.4835025,4899685
move,std::unique_ptr,100000,20,2.32575,3200000,0.726796875,4899685
copy,std::make_shared,1000,20,0.026334,16000,1.645875,47995
read,ShrdPtr,1000000,20,12.614833,32000000,0.39421353125,48999055
array,std::unique_ptr,10000,20,0.1175,320000,0.3671875,489604
stack,Stack<UnqPtr>,10000,20,0.1375,10000,13.75,489604
array,ShrdPtr,100000,20,1.171584,3200000,0.36612,4899685
copy,ShrdPtr,100000,20,1.764125,1600000,1.102578125,4899685
lifecycle,ShrdPtr,100000,20,2.484958,100000,24.84958,4899685
read,UnqPtr,1000000,20,9.552458,32000000,0.2985143125,48999055
allocate,std::shared_ptr,1000,20,0.01225,1000,12.25,47995
allocate,std::unique_ptr,100000,20,0.570791,100000,5.70791,4899685
read,ShrdPtr,10000,20,0.104583,320000,0.326821875,489604
array,ShrdPtr,1000000,20,12.128625,32000000,0.37901953125,48999055
read,UnqPtr,10000,20,0.092292,320000,0.2884125,489604
lifecycle,UnqPtr,1000000,20,13.399708,1000000,13.399708,48999055
lifecycle,std::shared_ptr,1000000,20,30.510208,1000000,30.510208,48999055
allocate,std::shared_ptr,1000000,20,11.626917,1000000,11.626917,48999055
allocate,UnqPtr,100000,20,0.652833,100000,6.52833,4899685
move,std::make_shared,1000000,20,31.319292,32000000,0.978727875,48999055
stack,Stack<UnqPtr>,100000,20,1.494542,100000,14.94542,4899685
array,std::shared_ptr,100000,20,1.253709,3200000,0.3917840625,4899685
array,ShrdPtr,1000,20,0.014666,32000,0.4583125,47995
array,std::unique_ptr,1000000,20,12.791875,32000000,0.39974609375,48999055
array,UnqPtr,100000,20,1.269417,3200000,0.3966928125,4899685
stack,Stack<std::unique_ptr>,1000,20,0.014833,1000,14.833,47995
lifecycle,std::make_shared,100000,20,1.901,100000,19.01,4899685
allocate,ShrdPtr,10000,20,0.1235,10000,12.35,489604
array,std::shared_ptr,1000000,20,12.716666,32000000,0.3973958125,48999055
array,std::unique_ptr,1000,20,0.014584,32000,0.45575,47995
allocate,std::unique_ptr,1000,20,0.006334,1000,6.334,47995
allocate,std::unique_ptr,1000000,20,6.352542,1000000,6.352542,48999055
array,UnqPtr,1000,20,0.014209,32000,0.44403125,47995
move,ShrdPtr,100000,20,3.279791,3200000,1.0249346875,4899685
read,std::shared_ptr,1000,20,0.00725,32000,0.2265625,47995
allocate,std::make_shared,100000,20,0.732167,100000,7.32167,4899685
read,std::make_shared,1000,20,0.005792,32000,0.181,47995
read,std::unique_ptr,100000,20,0.810042,3200000,0.253138125,4899685
lifecycle,UnqPtr,1000,20,0.012208,1000,12.208,47995
move,std::shared_ptr,10000,20,0.28125,320000,0.87890625,489604
copy,std::shared_ptr,1000000,20,52.81625,16000000,3.301015625,48999055
allocate,UnqPtr,10000,20,0.074334,10000,7.4334,489604
read,std::make_shared,1000000,20,23.112458,32000000,0.7222643125,48999055
copy,std::shared_ptr,1000,20,0.026291,16000,1.6431875,47995
move,ShrdPtr,1000000,20,38.547458,32000000,1.2046080625,48999055
move,std::make_shared,1000,20,0.024792,32000,0.77475,47995
lifecycle,std::unique_ptr,1000000,20,14.234125,1000000,14.234125,48999055
stack,Stack<std::unique_ptr>,1000000,20,17.683375,1000000,17.683375,48999055
read,UnqPtr,1000,20,0.005542,32000,0.1731875,47995
move,std::shared_ptr,100000,20,3.008125,3200000,0.9400390625,4899685
allocate,std::make_shared,10000,20,0.073833,10000,7.3833,489604
allocate,std::shared_ptr,10000,20,0.1605,10000,16.05,489604
read,std::unique_ptr,1000000,20,12.748542,32000000,0.3983919375,48999055
lifecycle,std::make_shared,1000000,20,18.701417,1000000,18.701417,48999055
move,UnqPtr,10000,20,0.195083,320000,0.609634375,489604
lifecycle,std::unique_ptr,1000,20,0.014042,1000,14.042,47995
lifecycle,std::shared_ptr,1000,20,0.029125,1000,29.125,47995
move,UnqPtr,1000000,20,20.614542,32000000,0.6442044375,48999055
move,UnqPtr,100000,20,2.091292,3200000,0.65352875,4899685
lifecycle,std::make_shared,10000,20,0.194792,10000,19.4792,489604
move,ShrdPtr,10000,20,0.295875,320000,0.924609375,489604
read,std::shared_ptr,10000,20,0.105708,320000,0.3303375,489604
move,std::make_shared,100000,20,2.816292,3200000,0.88009125,4899685
read,std::shared_ptr,100000,20,0.957916,3200000,0.29934875,4899685
array,std::shared_ptr,10000,20,0.123334,320000,0.38541875,489604
array,std::unique_ptr,100000,20,1.185834,3200000,0.370573125,4899685
copy,std::shared_ptr,100000,20,4.6935,1600000,2.9334375,4899685
read,ShrdPtr,1000,20,0.005542,32000,0.1731875,47995
read,std::make_shared,10000,20,0.124333,320000,0.388540625,489604
lifecycle,UnqPtr,10000,20,0.127792,10000,12.7792,489604
move,ShrdPtr,1000,20,0.020916,32000,0.653625,47995
read,std::unique_ptr,1000,20,0.004792,32000,0.14975,47995
copy,std::shared_ptr,10000,20,0.4215,160000,2.634375,489604
stack,Stack<UnqPtr>,1000000,20,13.536917,1000000,13.536917,48999055
allocate,std::make_shared,1000,20,0.006042,1000,6.042,47995
allocate,ShrdPtr,100000,20,1.080166,100000,10.80166,4899685
lifecycle,std::shared_ptr,10000,20,0.284083,10000,28.4083,489604
copy,ShrdPtr,1000000,20,27.108125,16000000,1.6942578125,48999055
copy,ShrdPtr,10000,20,0.251125,160000,1.56953125,489604
move,std::shared_ptr,1000000,20,28.712458,32000000,0.8972643125,48999055
allocate,ShrdPtr,1000000,20,11.137875,1000000,11.137875,48999055
allocate,std::unique_ptr,10000,20,0.062125,10000,6.2125,489604
lifecycle,ShrdPtr,1000,20,0.0225,1000,22.5,47995
array,UnqPtr,1000000,20,11.367042,32000000,0.3552200625,48999055
move,std::make_shared,10000,20,0.270333,320000,0.844790625,489604
allocate,UnqPtr,1000,20,0.005291,1000,5.291,47995
move,std::unique_ptr,10000,20,0.183083,320000,0.572134375,489604
read,std::unique_ptr,10000,20,0.080041,320000,0.250128125,489604
allocate,UnqPtr,1000000,20,5.559,1000000,5.559,48999055
allocate,ShrdPtr,1000,20,0.0105,1000,10.5,47995
lifecycle,std::shared_ptr,100000,20,2.855834,100000,28.55834,4899685
read,ShrdPtr,100000,20,0.899542,3200000,0.281106875,4899685
stack,Stack<std::unique_ptr>,100000,20,1.461,100000,14.61,4899685
stack,Stack<std::unique_ptr>,10000,20,0.143792,10000,14.3792,489604
lifecycle,ShrdPtr,10000,20,0.25475,10000,25.475,489604
